"decimalLongitude","decimalLatitude"
-90.4390389525879,42.4195444972221
-90.1720107658601,42.3805442307467
-89.2418044419837,42.0998108901695
-91.0439387887027,39.7791863531021
-89.9255879393802,40.9812587501675
-89.5845491033938,38.2099411916965
-88.3140404671116,38.2606670950742
-88.629294043845,39.7112282045937
-88.9302935934513,38.7044758973675
-90.2160001200474,42.3490164302007
-89.1127888337195,38.3837058201761
-90.3131812096532,41.1117723997447
-88.1876534779861,41.7613164320096
-89.383733910979,37.5022868671777
-89.9058927481641,42.0704693305058
-90.1368799317188,41.8773289617932
-88.1063265765015,40.3106536791122
-89.4801647853233,40.2658631250678
-91.4782806636171,40.1724011953929
-89.16870894837,40.7818095557855
-89.6005887284064,40.5873209861936
-91.3246650964695,40.2807619364738
-88.5665163134635,38.3605599640309
-88.7463865402347,41.6173520005943
-90.0190137088215,38.7412321199583
-89.0479729793825,42.1544318155583
-89.7193806450728,40.1867696608824
-88.9230584181188,42.0661136515475
-87.6272576241976,40.0653972348474
-88.6319352469443,38.1173059130584
-90.3177330681787,39.7885372595175
-88.9182181331571,37.5670646214528
-89.6086823812555,38.5925334092131
-89.9890771999315,38.7035638590838
-89.2683227215327,40.9130788029616
-88.997946537099,40.0985155722446
-90.2910080663893,39.8395986357841
-88.8429681840897,39.485682821911
-89.4139648054994,39.5912294175452
-89.7624057943903,41.1744113971784
-89.6615528503007,38.675512830451
-89.6674159690981,40.9587684559039
-89.4952508576924,37.9066252717523
-88.6915303264598,41.2507074605329
-90.8008694454814,40.0715506659356
-89.9094302115103,41.7763719893752
-88.5026966330651,42.3361768070076
-88.0981850073836,39.3243877173368
-89.3484693259114,39.8731914861099
-89.6211670950982,38.8031133469285
-89.9609405079435,41.023159023885
-88.0458742912441,42.0711492764298
-88.7547393099742,38.7247870295854
-89.6654541550425,40.6695504500571
-89.674558623954,41.3011982466972
-90.1238858767078,42.0001857807884
-90.3822584132622,41.0626548844242
-88.6790538452702,41.627550231275
-90.6511787911913,40.2976530223021
-88.7990363640566,37.2366523083632
-88.8759899959045,40.7635582393734
-89.5447681826881,38.6589267862744
-88.4669192596914,40.6098989954685
-89.627769963768,40.4647378048897
-87.9473537167579,40.5807770501497
-87.8746624820764,39.8398765216936
-88.7494455262135,40.4755755856166
-89.8829271489199,41.7174605573047
-87.9836790349466,42.4074249270808
-88.4297843652255,41.5004606727853
-88.6260640780698,38.9142855873484
-88.4729979156382,39.0199594413148
-90.5424315609033,41.4407590203345
-89.298344350263,38.0841087724008
-88.7588674942553,40.4036104378289
-89.5494120676561,41.0129472666745
-87.9424760666231,38.5661759316486
-89.6165550798764,37.7774957352652
-90.3266976381989,39.9504234484736
-88.1190872296268,41.4216254094115
-91.0321211204744,40.5587918053663
-89.888562984819,37.9224774385203
-89.275311543414,38.6437663934453
-88.7051122621778,37.8236257736253
-88.2999998548206,37.9514625658328
-88.9197301792582,38.5047718813048
-90.5464733893234,38.908505004019
-90.1684215369748,39.5234526619408
-89.4410125446638,40.2659137872247
-91.1312748922398,40.092552664102
-88.3314357820311,42.4821510688242
-88.6923555384792,37.2697183229038
-89.1224397715386,37.1627733967142
-90.6852526526156,40.0321739925735
-89.7771016325226,40.0889399446619
-88.8540340217485,38.0397266605987
-88.336876452086,41.2024382368395
-90.0786647713335,40.8922112918466
-88.0193620134829,42.0106692089057
-89.9976357834178,38.5750565934202
-90.3397466314094,39.5576926909983
-88.4814756177159,39.5848099881666
-89.9334926415977,41.798778830055
-90.1887216847929,42.4318648193031
-88.7662951185357,38.2935355372614
-90.5559756466436,39.0147298712203
-87.6263076142723,38.890787035915
-88.2226914086216,38.7814728255402
-89.1149190784715,40.4199564419585
-89.8191107485074,38.4439146725653
-91.1559297294965,40.3142571688454
-88.7670212785024,37.3798555074406
-90.4398202129375,40.9409790267181
-90.0313822971692,41.1578948395696
-91.0972480835743,39.9489353795895
-90.9476414407596,41.2072028039269
-89.2245200525841,38.0435199010513
-88.7144547377853,41.2909311870449
-88.4917636877911,41.2906076215397
-88.7095632275913,38.3042606063131
-89.6021858511724,41.274311601809
-90.0744834553844,38.9924251185764
-89.7046937464076,40.5540656461544
-87.5791730730701,38.8208487595823
-89.4556676599337,38.6550273188174
-87.9735621062692,41.2905965115321
-89.9057149061675,40.1499457411175
-88.5304244693137,37.6911640197028
-89.5259025449248,42.2878851830624
-90.2888048361253,40.7795901464746
-90.7232946174771,39.5017108153079
-90.2549715582481,41.2997955437702
-88.447132240033,37.1027542421771
-89.2107879450357,40.7019580323281
-89.7723991913863,41.5290639053621
-89.3304912735311,38.636825792147
-88.9717816286509,37.6739172231399
-89.395945842775,39.2685665240913
-89.4128811420992,37.4342776396981
-88.0844838999395,38.9318425263553
-88.5655164099069,40.2608966551566
-89.566285416724,40.3159426889995
-87.5805348036164,41.0415837727028
-88.1870169772936,41.3449690894716
-89.2982597688585,40.7739424811341
-89.6395072908945,41.6000767899351
-87.9782080383,39.6283079738203
-88.4368240688061,41.8100666715061
-89.9316617770922,38.7868700286382
-90.6601947782494,40.1273179551949
-89.3710590801844,39.6848349030368
-89.0274957815065,41.1127550311039
-91.0149999358533,39.6782622930129
-88.3564692236861,38.5362391793256
-89.0690884924856,37.2628922975408
-88.2099190997776,39.7340819607978
-90.0647109441428,39.6119775987591
-88.1376601426958,38.3987875625254
-88.3389058999511,38.3991495446381
-88.4607288801539,37.9891904206933
-90.8071318557643,39.9272867547407
-88.7005602809025,40.9685116528532
-90.7129618321892,40.1227434491643
-89.5628011491959,38.9320898710559
-89.038797011385,37.5404688912851
-90.7261019371539,41.3724328015195
-89.6690393354307,40.8628438615824
-88.7881450421356,41.7443364378812
-88.0542896927557,39.1258993122011
-90.3939916573637,41.2246696997915
-89.9845426257574,39.8942597156232
-88.2459255983354,39.2194537410646
-89.5469621737094,39.8678949399317
-89.7449018767174,38.0767850473854
-87.8275962475518,38.3718020894087
-89.538563917793,42.2856418144715
-90.6359753369768,39.4345806798206
-87.6035640646499,41.5624433771771
-88.0147716789664,41.6843067279321
-88.6295445925525,39.1806149627113
-87.9886953973225,40.8357350347723
-89.6493190607735,38.4940538899504
-89.9721425617931,42.4244327962743
-89.2712281138418,37.2465105094723
-88.6071297370464,41.2080950488874
-89.1758866067808,37.3634309142982
-89.1797500356648,39.4897834146988
-89.4604097815884,41.7284165063134
-88.1565515034668,38.9749718190071
-88.2111871386213,37.533894289698
-89.3139146970102,41.1629151538028
-90.6701897813237,40.0216406506709
-88.720065326189,38.4090617064895
-88.1490600712199,39.5908611165025
-90.0119445926932,40.4102108353885
-88.8127000101026,39.5075731508358
-90.2582573663927,41.3562430244308
-88.8177479319933,38.4711047266659
-90.7318093609429,41.4504552416692
-89.7270265270781,41.5555250345978
-88.5332888433087,39.1636202616228
-89.6725237744343,40.8311593416257
-89.4401010409336,40.4435657956965
-88.8513008872053,39.9450536335057
-89.9782718884675,41.4396673937607
-89.378767105478,37.9658624479319
-90.1794529557874,39.7833988131044
-87.9253055255802,42.0667799995478
-89.7550156240868,37.8884082194521
-88.6290708519748,37.8994340960382
-89.655525670636,42.1940647360419
-88.1523207977945,39.2851523421902
-89.3941317538071,38.255144546689
-89.1093519964293,39.3796095845898
-90.3615504717968,41.3178994302522
-90.8165576410014,41.4331980834329
-88.0192781629645,42.1166402646371
-91.0182477682358,39.5119834990677
-88.6586121727344,38.7360558489385
-89.5273997139211,42.4862615142887
-88.7725186106167,38.8747784601663
-89.7896495172178,40.7361395868533
-88.2325157045059,37.9733989308903
-89.8496036131174,39.4507203602877
-88.7698490293107,40.715326233549
-87.9618771231959,42.1988551589178
-88.9376359140889,41.3829352474365
-88.0775290522406,42.3524645489982
-89.6660212659908,39.7337770917505
-90.1736170809514,40.6740253097128
-89.9047184707232,38.439273928024
-90.1848718544622,40.3477718476329
-88.3674628554447,39.4394671385833
-89.9199358824484,42.2247391414332
-89.0992514467069,40.5767526433556
-88.5011560403791,40.6749172650041
-87.6876935779993,40.1257680437122
-89.1065579453261,38.2713174320097
-88.4858087282244,38.7470088282582
-88.5876095112003,40.9966776669284
-89.7657839756079,37.9880478989647
-90.8645355951337,39.9394944682455
-88.979905460688,37.4910445105049
-89.2027415028676,40.7984886838673
-88.2596656893579,39.0351795634451
-91.3730962613702,40.2157460287635
-88.982825300218,40.4532738376409
-88.2152507760468,40.559249584873
-88.930150511381,37.8128492347003
-90.6360880319848,40.7425017981437
