"gbifID","accessRights","bibliographicCitation","language","license","modified","publisher","references","rightsHolder","type","institutionID","collectionID","datasetID","institutionCode","collectionCode","datasetName","ownerInstitutionCode","basisOfRecord","informationWithheld","dataGeneralizations","dynamicProperties","occurrenceID","catalogNumber","recordNumber","recordedBy","recordedByID","individualCount","organismQuantity","organismQuantityType","sex","lifeStage","reproductiveCondition","caste","behavior","vitality","establishmentMeans","degreeOfEstablishment","pathway","georeferenceVerificationStatus","occurrenceStatus","preparations","disposition","associatedOccurrences","associatedReferences","associatedSequences","associatedTaxa","otherCatalogNumbers","occurrenceRemarks","organismID","organismName","organismScope","associatedOrganisms","previousIdentifications","organismRemarks","materialEntityID","materialEntityRemarks","verbatimLabel","materialSampleID","eventID","parentEventID","eventType","fieldNumber","eventDate","eventTime","startDayOfYear","endDayOfYear","year","month","day","verbatimEventDate","habitat","samplingProtocol","sampleSizeValue","sampleSizeUnit","samplingEffort","fieldNotes","eventRemarks","locationID","higherGeographyID","higherGeography","continent","waterBody","islandGroup","island","countryCode","stateProvince","county","municipality","locality","verbatimLocality","verbatimElevation","verticalDatum","verbatimDepth","minimumDistanceAboveSurfaceInMeters","maximumDistanceAboveSurfaceInMeters","locationAccordingTo","locationRemarks","coordinateUncertaintyInMeters","coordinatePrecision","pointRadiusSpatialFit","verbatimCoordinateSystem","verbatimSRS","footprintWKT","footprintSRS","footprintSpatialFit","georeferencedBy","georeferencedDate","georeferenceProtocol","georeferenceSources","georeferenceRemarks","geologicalContextID","earliestEonOrLowestEonothem","latestEonOrHighestEonothem","earliestEraOrLowestErathem","latestEraOrHighestErathem","earliestPeriodOrLowestSystem","latestPeriodOrHighestSystem","earliestEpochOrLowestSeries","latestEpochOrHighestSeries","earliestAgeOrLowestStage","latestAgeOrHighestStage","lowestBiostratigraphicZone","highestBiostratigraphicZone","lithostratigraphicTerms","group","formation","member","bed","identificationID","verbatimIdentification","identificationQualifier","typeStatus","identifiedBy","identifiedByID","dateIdentified","identificationReferences","identificationVerificationStatus","identificationRemarks","taxonID","scientificNameID","acceptedNameUsageID","parentNameUsageID","originalNameUsageID","nameAccordingToID","namePublishedInID","taxonConceptID","scientificName","acceptedNameUsage","parentNameUsage","originalNameUsage","nameAccordingTo","namePublishedIn","namePublishedInYear","higherClassification","kingdom","phylum","class","order","superfamily","family","subfamily","tribe","subtribe","genus","genericName","subgenus","infragenericEpithet","specificEpithet","infraspecificEpithet","cultivarEpithet","taxonRank","verbatimTaxonRank","vernacularName","nomenclaturalCode","taxonomicStatus","nomenclaturalStatus","taxonRemarks","datasetKey","publishingCountry","lastInterpreted","elevation","elevationAccuracy","depth","depthAccuracy","distanceFromCentroidInMeters","issue","mediaType","hasCoordinate","hasGeospatialIssues","taxonKey","acceptedTaxonKey","kingdomKey","phylumKey","classKey","orderKey","familyKey","genusKey","subgenusKey","speciesKey","species","acceptedScientificName","verbatimScientificName","typifiedName","protocol","lastParsed","lastCrawled","repatriated","relativeOrganismQuantity","projectId","isSequenced","gbifRegion","publishedByGbifRegion","level0Gid","level0Name","level1Gid","level1Name","level2Gid","level2Name","level3Gid","level3Name","iucnRedListCategory","BIO1 - Annual Mean Temperature","BIO2 - Mean Diurnal Range","BIO3 - Isothermality","BIO4 - Temperature Seasonality","BIO5 - Max Temperature of Warmest Month","BIO6 - Min Temperature of Coldest Month","BIO7 - Temperature Annual Range","BIO8 - Mean Temperature of Wettest Quarter","BIO9 - Mean Temperature of Driest Quarter","BIO10 - Mean Temperature of Warmest Quarter","BIO11 - Mean Temperature of Coldest Quarter","BIO12 - Annual Precipitation","BIO13 - Precipitation of Wettest Month","BIO14 - Precipitation of Driest Month","BIO15 - Precipitation Seasonality","BIO16 - Precipitation of Wettest Quarter","BIO17 - Precipitation of Driest Quarter","BIO18 - Precipitation of Warmest Quarter","BIO19 - Precipitation of Coldest Quarter"
1264870769,NA,NA,NA,"CC0_1_0",NA,NA,NA,NA,NA,NA,NA,NA,NA,NA,NA,NA,"MATERIAL_CITATION",NA,NA,NA,21301,NA,NA,NA,NA,NA,NA,NA,NA,NA,NA,NA,NA,NA,NA,NA,NA,NA,"PRESENT",NA,NA,NA,NA,NA,NA,NA,NA,NA,NA,NA,NA,NA,NA,NA,NA,NA,NA,NA,NA,NA,NA,2000,NA,NA,NA,2000,NA,NA,NA,NA,NA,NA,NA,NA,NA,NA,NA,NA,NA,"NORTH_AMERICA",NA,NA,NA,"US",NA,"United States of America",NA,NA,NA,NA,NA,NA,NA,NA,NA,NA,NA,NA,NA,NA,NA,NA,NA,NA,NA,NA,NA,NA,NA,NA,NA,NA,NA,NA,NA,NA,NA,NA,NA,NA,NA,NA,NA,NA,NA,NA,NA,NA,NA,NA,NA,NA,NA,NA,NA,NA,NA,NA,NA,NA,NA,NA,NA,NA,NA,"Aedes albopictus (Skuse, 1894)",NA,NA,NA,NA,NA,NA,NA,"Animalia","Arthropoda","Insecta","Diptera",NA,"Culicidae",NA,NA,NA,"Aedes","Aedes",NA,NA,"albopictus",NA,NA,"SPECIES",NA,NA,NA,"ACCEPTED",NA,NA,"33614778-513a-4ec0-814d-125021cca5fe","GB","2025-02-02T16:31:24.329Z",NA,NA,NA,NA,NA,"GEODETIC_DATUM_ASSUMED_WGS84;CONTINENT_DERIVED_FROM_COORDINATES;OCCURRENCE_STATUS_UNPARSABLE",NA,"true","false",1651430,1651430,1,54,216,811,3346,7924646,NA,1651430,"Aedes albopictus","Aedes albopictus (Skuse, 1894)","Aedes albopictus",NA,"DWC_ARCHIVE","2025-02-02T16:31:24.329Z","2025-01-24T08:50:12.886Z","true",NA,NA,"false","NORTH_AMERICA","EUROPE","USA","United States","USA.14_1","Illinois","USA.14.55_1","Logan","","","NE",11.1035003662109,23.1366672515869,-2.25849986076355,974,112,43,26.5670108795166,315,157,298,157,11.7898330688477,29.9949970245361,1025.34753417969,30.3859996795654,-8.92000007629395,39.3059997558594,21.2528324127197,-2.25849986076355
1264870690,NA,NA,NA,"CC0_1_0",NA,NA,NA,NA,NA,NA,NA,NA,NA,NA,NA,NA,"MATERIAL_CITATION",NA,NA,NA,21239,NA,NA,NA,NA,NA,NA,NA,NA,NA,NA,NA,NA,NA,NA,NA,NA,NA,"PRESENT",NA,NA,NA,NA,NA,NA,NA,NA,NA,NA,NA,NA,NA,NA,NA,NA,NA,NA,NA,NA,NA,NA,NA,NA,NA,NA,NA,NA,NA,NA,NA,NA,NA,NA,NA,NA,NA,NA,NA,NA,"NORTH_AMERICA",NA,NA,NA,"US",NA,"United States of America",NA,NA,NA,NA,NA,NA,NA,NA,NA,NA,NA,NA,NA,NA,NA,NA,NA,NA,NA,NA,NA,NA,NA,NA,NA,NA,NA,NA,NA,NA,NA,NA,NA,NA,NA,NA,NA,NA,NA,NA,NA,NA,NA,NA,NA,NA,NA,NA,NA,NA,NA,NA,NA,NA,NA,NA,NA,NA,NA,"Aedes albopictus (Skuse, 1894)",NA,NA,NA,NA,NA,NA,NA,"Animalia","Arthropoda","Insecta","Diptera",NA,"Culicidae",NA,NA,NA,"Aedes","Aedes",NA,NA,"albopictus",NA,NA,"SPECIES",NA,NA,NA,"ACCEPTED",NA,NA,"33614778-513a-4ec0-814d-125021cca5fe","GB","2025-02-02T16:31:24.365Z",NA,NA,NA,NA,NA,"GEODETIC_DATUM_ASSUMED_WGS84;CONTINENT_DERIVED_FROM_COORDINATES;RECORDED_DATE_INVALID;OCCURRENCE_STATUS_UNPARSABLE",NA,"true","false",1651430,1651430,1,54,216,811,3346,7924646,NA,1651430,"Aedes albopictus","Aedes albopictus (Skuse, 1894)","Aedes albopictus",NA,"DWC_ARCHIVE","2025-02-02T16:31:24.365Z","2025-01-24T08:50:12.886Z","true",NA,NA,"false","NORTH_AMERICA","EUROPE","USA","United States","USA.14_1","Illinois","USA.14.83_1","Saint Clair","","","NE",13.1810836791992,24.9856662750244,0.410999923944473,973,102,51,18.8337631225586,290,184,269,184,11.559666633606,30.0485229492188,989.526184082031,32.0659980773926,-6.4040002822876,38.4699974060059,18.6241664886475,0.410999923944473
1264870398,NA,NA,NA,"CC0_1_0",NA,NA,NA,NA,NA,NA,NA,NA,NA,NA,NA,NA,"MATERIAL_CITATION",NA,NA,NA,20988,NA,NA,NA,NA,NA,NA,NA,NA,NA,NA,NA,NA,NA,NA,NA,NA,NA,"PRESENT",NA,NA,NA,NA,NA,NA,NA,NA,NA,NA,NA,NA,NA,NA,NA,NA,NA,NA,NA,NA,NA,NA,1998,NA,NA,NA,1998,NA,NA,NA,NA,NA,NA,NA,NA,NA,NA,NA,NA,NA,"NORTH_AMERICA",NA,NA,NA,"US",NA,"United States of America",NA,NA,NA,NA,NA,NA,NA,NA,NA,NA,NA,NA,NA,NA,NA,NA,NA,NA,NA,NA,NA,NA,NA,NA,NA,NA,NA,NA,NA,NA,NA,NA,NA,NA,NA,NA,NA,NA,NA,NA,NA,NA,NA,NA,NA,NA,NA,NA,NA,NA,NA,NA,NA,NA,NA,NA,NA,NA,NA,"Aedes albopictus (Skuse, 1894)",NA,NA,NA,NA,NA,NA,NA,"Animalia","Arthropoda","Insecta","Diptera",NA,"Culicidae",NA,NA,NA,"Aedes","Aedes",NA,NA,"albopictus",NA,NA,"SPECIES",NA,NA,NA,"ACCEPTED",NA,NA,"33614778-513a-4ec0-814d-125021cca5fe","GB","2025-02-02T16:31:23.931Z",NA,NA,NA,NA,NA,"GEODETIC_DATUM_ASSUMED_WGS84;CONTINENT_DERIVED_FROM_COORDINATES;OCCURRENCE_STATUS_UNPARSABLE",NA,"true","false",1651430,1651430,1,54,216,811,3346,7924646,NA,1651430,"Aedes albopictus","Aedes albopictus (Skuse, 1894)","Aedes albopictus",NA,"DWC_ARCHIVE","2025-02-02T16:31:23.931Z","2025-01-24T08:50:12.886Z","true",NA,NA,"false","NORTH_AMERICA","EUROPE","USA","United States","USA.14_1","Illinois","USA.14.73_1","Peoria","","","NE",10.6828336715698,23.1450004577637,-3.06983327865601,936,104,38,28.9760074615479,306,139,287,139,11.2761669158936,27.9819507598877,1055.08654785156,30.3910007476807,-9.9069995880127,40.2980003356934,21.0046672821045,-3.06983327865601
1264870395,NA,NA,NA,"CC0_1_0",NA,NA,NA,NA,NA,NA,NA,NA,NA,NA,NA,NA,"MATERIAL_CITATION",NA,NA,NA,20989,NA,NA,NA,NA,NA,NA,NA,NA,NA,NA,NA,NA,NA,NA,NA,NA,NA,"PRESENT",NA,NA,NA,NA,NA,NA,NA,NA,NA,NA,NA,NA,NA,NA,NA,NA,NA,NA,NA,NA,NA,NA,1998,NA,NA,NA,1998,NA,NA,NA,NA,NA,NA,NA,NA,NA,NA,NA,NA,NA,"NORTH_AMERICA",NA,NA,NA,"US",NA,"United States of America",NA,NA,NA,NA,NA,NA,NA,NA,NA,NA,NA,NA,NA,NA,NA,NA,NA,NA,NA,NA,NA,NA,NA,NA,NA,NA,NA,NA,NA,NA,NA,NA,NA,NA,NA,NA,NA,NA,NA,NA,NA,NA,NA,NA,NA,NA,NA,NA,NA,NA,NA,NA,NA,NA,NA,NA,NA,NA,NA,"Aedes albopictus (Skuse, 1894)",NA,NA,NA,NA,NA,NA,NA,"Animalia","Arthropoda","Insecta","Diptera",NA,"Culicidae",NA,NA,NA,"Aedes","Aedes",NA,NA,"albopictus",NA,NA,"SPECIES",NA,NA,NA,"ACCEPTED",NA,NA,"33614778-513a-4ec0-814d-125021cca5fe","GB","2025-02-02T16:31:23.943Z",NA,NA,NA,NA,NA,"GEODETIC_DATUM_ASSUMED_WGS84;CONTINENT_DERIVED_FROM_COORDINATES;OCCURRENCE_STATUS_UNPARSABLE",NA,"true","false",1651430,1651430,1,54,216,811,3346,7924646,NA,1651430,"Aedes albopictus","Aedes albopictus (Skuse, 1894)","Aedes albopictus",NA,"DWC_ARCHIVE","2025-02-02T16:31:23.943Z","2025-01-24T08:50:12.886Z","true",NA,NA,"false","NORTH_AMERICA","EUROPE","USA","United States","USA.14_1","Illinois","USA.14.73_1","Peoria","","","NE",10.6828336715698,23.1450004577637,-3.06983327865601,936,104,38,28.9760074615479,306,139,287,139,11.2761669158936,27.9819507598877,1055.08654785156,30.3910007476807,-9.9069995880127,40.2980003356934,21.0046672821045,-3.06983327865601
1264870368,NA,NA,NA,"CC0_1_0",NA,NA,NA,NA,NA,NA,NA,NA,NA,NA,NA,NA,"MATERIAL_CITATION",NA,NA,NA,20934,NA,NA,NA,NA,NA,NA,NA,NA,NA,NA,NA,NA,NA,NA,NA,NA,NA,"PRESENT",NA,NA,NA,NA,NA,NA,NA,NA,NA,NA,NA,NA,NA,NA,NA,NA,NA,NA,NA,NA,NA,NA,1991,NA,NA,NA,1991,NA,NA,NA,NA,NA,NA,NA,NA,NA,NA,NA,NA,NA,"NORTH_AMERICA",NA,NA,NA,"US",NA,"United States of America",NA,NA,NA,NA,NA,NA,NA,NA,NA,NA,NA,NA,NA,NA,NA,NA,NA,NA,NA,NA,NA,NA,NA,NA,NA,NA,NA,NA,NA,NA,NA,NA,NA,NA,NA,NA,NA,NA,NA,NA,NA,NA,NA,NA,NA,NA,NA,NA,NA,NA,NA,NA,NA,NA,NA,NA,NA,NA,NA,"Aedes albopictus (Skuse, 1894)",NA,NA,NA,NA,NA,NA,NA,"Animalia","Arthropoda","Insecta","Diptera",NA,"Culicidae",NA,NA,NA,"Aedes","Aedes",NA,NA,"albopictus",NA,NA,"SPECIES",NA,NA,NA,"ACCEPTED",NA,NA,"33614778-513a-4ec0-814d-125021cca5fe","GB","2025-02-02T16:31:23.908Z",NA,NA,NA,NA,NA,"GEODETIC_DATUM_ASSUMED_WGS84;CONTINENT_DERIVED_FROM_COORDINATES;OCCURRENCE_STATUS_UNPARSABLE",NA,"true","false",1651430,1651430,1,54,216,811,3346,7924646,NA,1651430,"Aedes albopictus","Aedes albopictus (Skuse, 1894)","Aedes albopictus",NA,"DWC_ARCHIVE","2025-02-02T16:31:23.908Z","2025-01-24T08:50:12.886Z","true",NA,NA,"false","NORTH_AMERICA","EUROPE","USA","United States","USA.14_1","Illinois","USA.14.57_1","Macoupin","","","NE",11.880708694458,23.6703338623047,-1.09099996089935,982,108,48,22.1281394958496,305,174,274,174,11.4435834884644,29.5669288635254,997.003479003906,30.8599987030029,-7.8439998626709,38.7039985656738,17.3724994659424,-1.09099996089935
1264870366,NA,NA,NA,"CC0_1_0",NA,NA,NA,NA,NA,NA,NA,NA,NA,NA,NA,NA,"MATERIAL_CITATION",NA,NA,NA,20960,NA,NA,NA,NA,NA,NA,NA,NA,NA,NA,NA,NA,NA,NA,NA,NA,NA,"PRESENT",NA,NA,NA,NA,NA,NA,NA,NA,NA,NA,NA,NA,NA,NA,NA,NA,NA,NA,NA,NA,NA,NA,1995,NA,NA,NA,1995,NA,NA,NA,NA,NA,NA,NA,NA,NA,NA,NA,NA,NA,"NORTH_AMERICA",NA,NA,NA,"US",NA,"United States of America",NA,NA,NA,NA,NA,NA,NA,NA,NA,NA,NA,NA,NA,NA,NA,NA,NA,NA,NA,NA,NA,NA,NA,NA,NA,NA,NA,NA,NA,NA,NA,NA,NA,NA,NA,NA,NA,NA,NA,NA,NA,NA,NA,NA,NA,NA,NA,NA,NA,NA,NA,NA,NA,NA,NA,NA,NA,NA,NA,"Aedes albopictus (Skuse, 1894)",NA,NA,NA,NA,NA,NA,NA,"Animalia","Arthropoda","Insecta","Diptera",NA,"Culicidae",NA,NA,NA,"Aedes","Aedes",NA,NA,"albopictus",NA,NA,"SPECIES",NA,NA,NA,"ACCEPTED",NA,NA,"33614778-513a-4ec0-814d-125021cca5fe","GB","2025-02-02T16:31:23.907Z",NA,NA,NA,NA,NA,"GEODETIC_DATUM_ASSUMED_WGS84;CONTINENT_DERIVED_FROM_COORDINATES;OCCURRENCE_STATUS_UNPARSABLE",NA,"true","false",1651430,1651430,1,54,216,811,3346,7924646,NA,1651430,"Aedes albopictus","Aedes albopictus (Skuse, 1894)","Aedes albopictus",NA,"DWC_ARCHIVE","2025-02-02T16:31:23.907Z","2025-01-24T08:50:12.886Z","true",NA,NA,"false","NORTH_AMERICA","EUROPE","USA","United States","USA.14_1","Illinois","USA.14.40_1","Jasper","","","NE",12.2406663894653,23.8806667327881,-0.471666783094406,1073,110,59,19.182186126709,316,208,294,208,11.4724998474121,30.1606292724609,981.016052246094,31.0069999694824,-7.0310001373291,38.0380020141602,12.0673332214355,-0.471666783094406
1264870355,NA,NA,NA,"CC0_1_0",NA,NA,NA,NA,NA,NA,NA,NA,NA,NA,NA,NA,"MATERIAL_CITATION",NA,NA,NA,20947,NA,NA,NA,NA,NA,NA,NA,NA,NA,NA,NA,NA,NA,NA,NA,NA,NA,"PRESENT",NA,NA,NA,NA,NA,NA,NA,NA,NA,NA,NA,NA,NA,NA,NA,NA,NA,NA,NA,NA,NA,NA,1987,NA,NA,NA,1987,NA,NA,NA,NA,NA,NA,NA,NA,NA,NA,NA,NA,NA,"NORTH_AMERICA",NA,NA,NA,"US",NA,"United States of America",NA,NA,NA,NA,NA,NA,NA,NA,NA,NA,NA,NA,NA,NA,NA,NA,NA,NA,NA,NA,NA,NA,NA,NA,NA,NA,NA,NA,NA,NA,NA,NA,NA,NA,NA,NA,NA,NA,NA,NA,NA,NA,NA,NA,NA,NA,NA,NA,NA,NA,NA,NA,NA,NA,NA,NA,NA,NA,NA,"Aedes albopictus (Skuse, 1894)",NA,NA,NA,NA,NA,NA,NA,"Animalia","Arthropoda","Insecta","Diptera",NA,"Culicidae",NA,NA,NA,"Aedes","Aedes",NA,NA,"albopictus",NA,NA,"SPECIES",NA,NA,NA,"ACCEPTED",NA,NA,"33614778-513a-4ec0-814d-125021cca5fe","GB","2025-02-02T16:31:23.895Z",NA,NA,NA,NA,NA,"GEODETIC_DATUM_ASSUMED_WGS84;CONTINENT_DERIVED_FROM_COORDINATES;OCCURRENCE_STATUS_UNPARSABLE",NA,"true","false",1651430,1651430,1,54,216,811,3346,7924646,NA,1651430,"Aedes albopictus","Aedes albopictus (Skuse, 1894)","Aedes albopictus",NA,"DWC_ARCHIVE","2025-02-02T16:31:23.895Z","2025-01-24T08:50:12.886Z","true",NA,NA,"false","NORTH_AMERICA","EUROPE","USA","United States","USA.14_1","Illinois","USA.14.16_1","Cook","","","NE",9.90795803070068,22.0299987792969,-2.97749996185303,942,101,40,26.2238159179688,295,151,295,151,9.97291660308838,26.2971134185791,1011.45355224609,28.7929992675781,-9.13099956512451,37.923999786377,22.0299987792969,-2.97749996185303
1264870353,NA,NA,NA,"CC0_1_0",NA,NA,NA,NA,NA,NA,NA,NA,NA,NA,NA,NA,"MATERIAL_CITATION",NA,NA,NA,20912,NA,NA,NA,NA,NA,NA,NA,NA,NA,NA,NA,NA,NA,NA,NA,NA,NA,"PRESENT",NA,NA,NA,NA,NA,NA,NA,NA,NA,NA,NA,NA,NA,NA,NA,NA,NA,NA,NA,NA,NA,NA,NA,NA,NA,NA,NA,NA,NA,NA,NA,NA,NA,NA,NA,NA,NA,NA,NA,NA,"NORTH_AMERICA",NA,NA,NA,"US",NA,"United States of America",NA,NA,NA,NA,NA,NA,NA,NA,NA,NA,NA,NA,NA,NA,NA,NA,NA,NA,NA,NA,NA,NA,NA,NA,NA,NA,NA,NA,NA,NA,NA,NA,NA,NA,NA,NA,NA,NA,NA,NA,NA,NA,NA,NA,NA,NA,NA,NA,NA,NA,NA,NA,NA,NA,NA,NA,NA,NA,NA,"Aedes albopictus (Skuse, 1894)",NA,NA,NA,NA,NA,NA,NA,"Animalia","Arthropoda","Insecta","Diptera",NA,"Culicidae",NA,NA,NA,"Aedes","Aedes",NA,NA,"albopictus",NA,NA,"SPECIES",NA,NA,NA,"ACCEPTED",NA,NA,"33614778-513a-4ec0-814d-125021cca5fe","GB","2025-02-02T16:31:23.923Z",NA,NA,NA,NA,NA,"GEODETIC_DATUM_ASSUMED_WGS84;CONTINENT_DERIVED_FROM_COORDINATES;RECORDED_DATE_INVALID;OCCURRENCE_STATUS_UNPARSABLE",NA,"true","false",1651430,1651430,1,54,216,811,3346,7924646,NA,1651430,"Aedes albopictus","Aedes albopictus (Skuse, 1894)","Aedes albopictus",NA,"DWC_ARCHIVE","2025-02-02T16:31:23.923Z","2025-01-24T08:50:12.886Z","true",NA,NA,"false","NORTH_AMERICA","EUROPE","USA","United States","USA.14_1","Illinois","USA.14.16_1","Cook","","","NE",9.90795803070068,22.0299987792969,-2.97749996185303,942,101,40,26.2238159179688,295,151,295,151,9.97291660308838,26.2971134185791,1011.45355224609,28.7929992675781,-9.13099956512451,37.923999786377,22.0299987792969,-2.97749996185303
1264870341,NA,NA,NA,"CC0_1_0",NA,NA,NA,NA,NA,NA,NA,NA,NA,NA,NA,NA,"MATERIAL_CITATION",NA,NA,NA,20931,NA,NA,NA,NA,NA,NA,NA,NA,NA,NA,NA,NA,NA,NA,NA,NA,NA,"PRESENT",NA,NA,NA,NA,NA,NA,NA,NA,NA,NA,NA,NA,NA,NA,NA,NA,NA,NA,NA,NA,NA,NA,1991,NA,NA,NA,1991,NA,NA,NA,NA,NA,NA,NA,NA,NA,NA,NA,NA,NA,"NORTH_AMERICA",NA,NA,NA,"US",NA,"United States of America",NA,NA,NA,NA,NA,NA,NA,NA,NA,NA,NA,NA,NA,NA,NA,NA,NA,NA,NA,NA,NA,NA,NA,NA,NA,NA,NA,NA,NA,NA,NA,NA,NA,NA,NA,NA,NA,NA,NA,NA,NA,NA,NA,NA,NA,NA,NA,NA,NA,NA,NA,NA,NA,NA,NA,NA,NA,NA,NA,"Aedes albopictus (Skuse, 1894)",NA,NA,NA,NA,NA,NA,NA,"Animalia","Arthropoda","Insecta","Diptera",NA,"Culicidae",NA,NA,NA,"Aedes","Aedes",NA,NA,"albopictus",NA,NA,"SPECIES",NA,NA,NA,"ACCEPTED",NA,NA,"33614778-513a-4ec0-814d-125021cca5fe","GB","2025-02-02T16:31:23.911Z",NA,NA,NA,NA,NA,"GEODETIC_DATUM_ASSUMED_WGS84;CONTINENT_DERIVED_FROM_COORDINATES;OCCURRENCE_STATUS_UNPARSABLE",NA,"true","false",1651430,1651430,1,54,216,811,3346,7924646,NA,1651430,"Aedes albopictus","Aedes albopictus (Skuse, 1894)","Aedes albopictus",NA,"DWC_ARCHIVE","2025-02-02T16:31:23.911Z","2025-01-24T08:50:12.886Z","true",NA,NA,"false","NORTH_AMERICA","EUROPE","USA","United States","USA.14_1","Illinois","USA.14.78_1","Pulaski","","","NE",14.0317087173462,25.0501670837402,2.16933345794678,1208,129,78,16.136890411377,368,263,286,278,11.4112501144409,31.320333480835,922.416870117188,31.9729995727539,-4.46099996566772,36.4339981079102,13.7985000610352,20.5185012817383
1264870294,NA,NA,NA,"CC0_1_0",NA,NA,NA,NA,NA,NA,NA,NA,NA,NA,NA,NA,"MATERIAL_CITATION",NA,NA,NA,20878,NA,NA,NA,NA,NA,NA,NA,NA,NA,NA,NA,NA,NA,NA,NA,NA,NA,"PRESENT",NA,NA,NA,NA,NA,NA,NA,NA,NA,NA,NA,NA,NA,NA,NA,NA,NA,NA,NA,NA,NA,NA,NA,NA,NA,NA,NA,NA,NA,NA,NA,NA,NA,NA,NA,NA,NA,NA,NA,NA,"NORTH_AMERICA",NA,NA,NA,"US",NA,"United States of America",NA,NA,NA,NA,NA,NA,NA,NA,NA,NA,NA,NA,NA,NA,NA,NA,NA,NA,NA,NA,NA,NA,NA,NA,NA,NA,NA,NA,NA,NA,NA,NA,NA,NA,NA,NA,NA,NA,NA,NA,NA,NA,NA,NA,NA,NA,NA,NA,NA,NA,NA,NA,NA,NA,NA,NA,NA,NA,NA,"Aedes albopictus (Skuse, 1894)",NA,NA,NA,NA,NA,NA,NA,"Animalia","Arthropoda","Insecta","Diptera",NA,"Culicidae",NA,NA,NA,"Aedes","Aedes",NA,NA,"albopictus",NA,NA,"SPECIES",NA,NA,NA,"ACCEPTED",NA,NA,"33614778-513a-4ec0-814d-125021cca5fe","GB","2025-02-02T16:31:23.776Z",NA,NA,NA,NA,NA,"GEODETIC_DATUM_ASSUMED_WGS84;CONTINENT_DERIVED_FROM_COORDINATES;RECORDED_DATE_INVALID;OCCURRENCE_STATUS_UNPARSABLE",NA,"true","false",1651430,1651430,1,54,216,811,3346,7924646,NA,1651430,"Aedes albopictus","Aedes albopictus (Skuse, 1894)","Aedes albopictus",NA,"DWC_ARCHIVE","2025-02-02T16:31:23.776Z","2025-01-24T08:50:12.886Z","true",NA,NA,"false","NORTH_AMERICA","EUROPE","USA","United States","USA.14_1","Illinois","USA.14.10_1","Champaign","","","NE",11.0195837020874,23.1478328704834,-2.32449984550476,1006,115,46,26.5485763549805,327,164,317,164,11.1001672744751,28.5373344421387,1027.822265625,30.117000579834,-8.77999973297119,38.8969993591309,21.173999786377,-2.32449984550476
1264869910,NA,NA,NA,"CC0_1_0",NA,NA,NA,NA,NA,NA,NA,NA,NA,NA,NA,NA,"MATERIAL_CITATION",NA,NA,NA,20475,NA,NA,NA,NA,NA,NA,NA,NA,NA,NA,NA,NA,NA,NA,NA,NA,NA,"PRESENT",NA,NA,NA,NA,NA,NA,NA,NA,NA,NA,NA,NA,NA,NA,NA,NA,NA,NA,NA,NA,NA,NA,1988,NA,NA,NA,1988,NA,NA,NA,NA,NA,NA,NA,NA,NA,NA,NA,NA,NA,"NORTH_AMERICA",NA,NA,NA,"US",NA,"United States of America",NA,NA,NA,NA,NA,NA,NA,NA,NA,NA,NA,NA,NA,NA,NA,NA,NA,NA,NA,NA,NA,NA,NA,NA,NA,NA,NA,NA,NA,NA,NA,NA,NA,NA,NA,NA,NA,NA,NA,NA,NA,NA,NA,NA,NA,NA,NA,NA,NA,NA,NA,NA,NA,NA,NA,NA,NA,NA,NA,"Aedes albopictus (Skuse, 1894)",NA,NA,NA,NA,NA,NA,NA,"Animalia","Arthropoda","Insecta","Diptera",NA,"Culicidae",NA,NA,NA,"Aedes","Aedes",NA,NA,"albopictus",NA,NA,"SPECIES",NA,NA,NA,"ACCEPTED",NA,NA,"33614778-513a-4ec0-814d-125021cca5fe","GB","2025-02-02T16:31:24.632Z",NA,NA,NA,NA,NA,"GEODETIC_DATUM_ASSUMED_WGS84;CONTINENT_DERIVED_FROM_COORDINATES;OCCURRENCE_STATUS_UNPARSABLE",NA,"true","false",1651430,1651430,1,54,216,811,3346,7924646,NA,1651430,"Aedes albopictus","Aedes albopictus (Skuse, 1894)","Aedes albopictus",NA,"DWC_ARCHIVE","2025-02-02T16:31:24.632Z","2025-01-24T08:50:12.886Z","true",NA,NA,"false","NORTH_AMERICA","EUROPE","USA","United States","USA.14_1","Illinois","USA.14.58_1","Madison","","","NE",13.1419162750244,24.8780002593994,0.415499955415726,971,102,50,19.576789855957,291,180,271,180,11.3768329620361,29.7729339599609,985.578918457031,31.8799991607666,-6.33199977874756,38.2119979858398,22.8169994354248,0.415499955415726
1264869879,NA,NA,NA,"CC0_1_0",NA,NA,NA,NA,NA,NA,NA,NA,NA,NA,NA,NA,"MATERIAL_CITATION",NA,NA,NA,20474,NA,NA,NA,NA,NA,NA,NA,NA,NA,NA,NA,NA,NA,NA,NA,NA,NA,"PRESENT",NA,NA,NA,NA,NA,NA,NA,NA,NA,NA,NA,NA,NA,NA,NA,NA,NA,NA,NA,NA,NA,NA,1988,NA,NA,NA,1988,NA,NA,NA,NA,NA,NA,NA,NA,NA,NA,NA,NA,NA,"NORTH_AMERICA",NA,NA,NA,"US",NA,"United States of America",NA,NA,NA,NA,NA,NA,NA,NA,NA,NA,NA,NA,NA,NA,NA,NA,NA,NA,NA,NA,NA,NA,NA,NA,NA,NA,NA,NA,NA,NA,NA,NA,NA,NA,NA,NA,NA,NA,NA,NA,NA,NA,NA,NA,NA,NA,NA,NA,NA,NA,NA,NA,NA,NA,NA,NA,NA,NA,NA,"Aedes albopictus (Skuse, 1894)",NA,NA,NA,NA,NA,NA,NA,"Animalia","Arthropoda","Insecta","Diptera",NA,"Culicidae",NA,NA,NA,"Aedes","Aedes",NA,NA,"albopictus",NA,NA,"SPECIES",NA,NA,NA,"ACCEPTED",NA,NA,"33614778-513a-4ec0-814d-125021cca5fe","GB","2025-02-02T16:31:24.507Z",NA,NA,NA,NA,NA,"GEODETIC_DATUM_ASSUMED_WGS84;CONTINENT_DERIVED_FROM_COORDINATES;OCCURRENCE_STATUS_UNPARSABLE",NA,"true","false",1651430,1651430,1,54,216,811,3346,7924646,NA,1651430,"Aedes albopictus","Aedes albopictus (Skuse, 1894)","Aedes albopictus",NA,"DWC_ARCHIVE","2025-02-02T16:31:24.507Z","2025-01-24T08:50:12.886Z","true",NA,NA,"false","NORTH_AMERICA","EUROPE","USA","United States","USA.14_1","Illinois","USA.14.83_1","Saint Clair","","","NE",12.8536252975464,24.4290008544922,0.286499887704849,991,104,53,18.0542984008789,294,190,271,190,11.7905836105347,30.99196434021,971.985595703125,31.6070003509521,-6.4370002746582,38.0439987182617,22.4248332977295,0.286499887704849
1264869872,NA,NA,NA,"CC0_1_0",NA,NA,NA,NA,NA,NA,NA,NA,NA,NA,NA,NA,"MATERIAL_CITATION",NA,NA,NA,20460,NA,NA,NA,NA,NA,NA,NA,NA,NA,NA,NA,NA,NA,NA,NA,NA,NA,"PRESENT",NA,NA,NA,NA,NA,NA,NA,NA,NA,NA,NA,NA,NA,NA,NA,NA,NA,NA,NA,NA,NA,NA,1988,NA,NA,NA,1988,NA,NA,NA,NA,NA,NA,NA,NA,NA,NA,NA,NA,NA,"NORTH_AMERICA",NA,NA,NA,"US",NA,"United States of America",NA,NA,NA,NA,NA,NA,NA,NA,NA,NA,NA,NA,NA,NA,NA,NA,NA,NA,NA,NA,NA,NA,NA,NA,NA,NA,NA,NA,NA,NA,NA,NA,NA,NA,NA,NA,NA,NA,NA,NA,NA,NA,NA,NA,NA,NA,NA,NA,NA,NA,NA,NA,NA,NA,NA,NA,NA,NA,NA,"Aedes albopictus (Skuse, 1894)",NA,NA,NA,NA,NA,NA,NA,"Animalia","Arthropoda","Insecta","Diptera",NA,"Culicidae",NA,NA,NA,"Aedes","Aedes",NA,NA,"albopictus",NA,NA,"SPECIES",NA,NA,NA,"ACCEPTED",NA,NA,"33614778-513a-4ec0-814d-125021cca5fe","GB","2025-02-02T16:31:24.502Z",NA,NA,NA,NA,NA,"GEODETIC_DATUM_ASSUMED_WGS84;CONTINENT_DERIVED_FROM_COORDINATES;OCCURRENCE_STATUS_UNPARSABLE",NA,"true","false",1651430,1651430,1,54,216,811,3346,7924646,NA,1651430,"Aedes albopictus","Aedes albopictus (Skuse, 1894)","Aedes albopictus",NA,"DWC_ARCHIVE","2025-02-02T16:31:24.502Z","2025-01-24T08:50:12.886Z","true",NA,NA,"false","NORTH_AMERICA","EUROPE","USA","United States","USA.14_1","Illinois","USA.14.83_1","Saint Clair","","","NE",12.7820835113525,24.4409999847412,0.0876666679978371,963,104,52,19.1831016540527,294,184,268,184,11.5200004577637,30.2799320220947,980.44287109375,31.503999710083,-6.54099988937378,38.0449981689453,18.199333190918,0.0876666679978371
1264853842,NA,NA,NA,"CC0_1_0",NA,NA,NA,NA,NA,NA,NA,NA,NA,NA,NA,NA,"MATERIAL_CITATION",NA,NA,NA,4428,NA,NA,NA,NA,NA,NA,NA,NA,NA,NA,NA,NA,NA,NA,NA,NA,NA,"PRESENT",NA,NA,NA,NA,NA,NA,NA,NA,NA,NA,NA,NA,NA,NA,NA,NA,NA,NA,NA,NA,NA,NA,2006,NA,NA,NA,2006,NA,NA,NA,NA,NA,NA,NA,NA,NA,NA,NA,NA,NA,"NORTH_AMERICA",NA,NA,NA,"US",NA,"United States of America",NA,NA,NA,NA,NA,NA,NA,NA,NA,NA,NA,NA,NA,NA,NA,NA,NA,NA,NA,NA,NA,NA,NA,NA,NA,NA,NA,NA,NA,NA,NA,NA,NA,NA,NA,NA,NA,NA,NA,NA,NA,NA,NA,NA,NA,NA,NA,NA,NA,NA,NA,NA,NA,NA,NA,NA,NA,NA,NA,"Aedes albopictus (Skuse, 1894)",NA,NA,NA,NA,NA,NA,NA,"Animalia","Arthropoda","Insecta","Diptera",NA,"Culicidae",NA,NA,NA,"Aedes","Aedes",NA,NA,"albopictus",NA,NA,"SPECIES",NA,NA,NA,"ACCEPTED",NA,NA,"33614778-513a-4ec0-814d-125021cca5fe","GB","2025-02-02T16:31:25.818Z",NA,NA,NA,NA,NA,"GEODETIC_DATUM_ASSUMED_WGS84;CONTINENT_DERIVED_FROM_COORDINATES;OCCURRENCE_STATUS_UNPARSABLE",NA,"true","false",1651430,1651430,1,54,216,811,3346,7924646,NA,1651430,"Aedes albopictus","Aedes albopictus (Skuse, 1894)","Aedes albopictus",NA,"DWC_ARCHIVE","2025-02-02T16:31:25.818Z","2025-01-24T08:50:12.886Z","true",NA,NA,"false","NORTH_AMERICA","EUROPE","USA","United States","USA.14_1","Illinois","USA.14.25_1","Effingham","","","NE",11.9679164886475,23.6741676330566,-0.848499953746796,1013,106,53,20.7781772613525,311,196,284,196,11.5151672363281,29.9764842987061,986.246215820312,30.951000213623,-7.46299982070923,38.4140014648438,21.5636672973633,-0.848499953746796
1264853823,NA,NA,NA,"CC0_1_0",NA,NA,NA,NA,NA,NA,NA,NA,NA,NA,NA,NA,"MATERIAL_CITATION",NA,NA,NA,4427,NA,NA,NA,NA,NA,NA,NA,NA,NA,NA,NA,NA,NA,NA,NA,NA,NA,"PRESENT",NA,NA,NA,NA,NA,NA,NA,NA,NA,NA,NA,NA,NA,NA,NA,NA,NA,NA,NA,NA,NA,NA,2006,NA,NA,NA,2006,NA,NA,NA,NA,NA,NA,NA,NA,NA,NA,NA,NA,NA,"NORTH_AMERICA",NA,NA,NA,"US",NA,"United States of America",NA,NA,NA,NA,NA,NA,NA,NA,NA,NA,NA,NA,NA,NA,NA,NA,NA,NA,NA,NA,NA,NA,NA,NA,NA,NA,NA,NA,NA,NA,NA,NA,NA,NA,NA,NA,NA,NA,NA,NA,NA,NA,NA,NA,NA,NA,NA,NA,NA,NA,NA,NA,NA,NA,NA,NA,NA,NA,NA,"Aedes albopictus (Skuse, 1894)",NA,NA,NA,NA,NA,NA,NA,"Animalia","Arthropoda","Insecta","Diptera",NA,"Culicidae",NA,NA,NA,"Aedes","Aedes",NA,NA,"albopictus",NA,NA,"SPECIES",NA,NA,NA,"ACCEPTED",NA,NA,"33614778-513a-4ec0-814d-125021cca5fe","GB","2025-02-02T16:31:25.811Z",NA,NA,NA,NA,NA,"GEODETIC_DATUM_ASSUMED_WGS84;CONTINENT_DERIVED_FROM_COORDINATES;OCCURRENCE_STATUS_UNPARSABLE",NA,"true","false",1651430,1651430,1,54,216,811,3346,7924646,NA,1651430,"Aedes albopictus","Aedes albopictus (Skuse, 1894)","Aedes albopictus",NA,"DWC_ARCHIVE","2025-02-02T16:31:25.811Z","2025-01-24T08:50:12.886Z","true",NA,NA,"false","NORTH_AMERICA","EUROPE","USA","United States","USA.14_1","Illinois","USA.14.26_1","Fayette","","","NE",12.2560415267944,23.9990005493164,-0.641833245754242,1009,106,51,21.1168632507324,308,191,277,191,11.752082824707,30.2912158966064,991.428955078125,31.3810005187988,-7.41599988937378,38.7970008850098,21.9938335418701,-0.641833245754242
1264853731,NA,NA,NA,"CC0_1_0",NA,NA,NA,NA,NA,NA,NA,NA,NA,NA,NA,NA,"MATERIAL_CITATION",NA,NA,NA,4297,NA,NA,NA,NA,NA,NA,NA,NA,NA,NA,NA,NA,NA,NA,NA,NA,NA,"PRESENT",NA,NA,NA,NA,NA,NA,NA,NA,NA,NA,NA,NA,NA,NA,NA,NA,NA,NA,NA,NA,NA,NA,2000,NA,NA,NA,2000,NA,NA,NA,NA,NA,NA,NA,NA,NA,NA,NA,NA,NA,"NORTH_AMERICA",NA,NA,NA,"US",NA,"United States of America",NA,NA,NA,NA,NA,NA,NA,NA,NA,NA,NA,NA,NA,NA,NA,NA,NA,NA,NA,NA,NA,NA,NA,NA,NA,NA,NA,NA,NA,NA,NA,NA,NA,NA,NA,NA,NA,NA,NA,NA,NA,NA,NA,NA,NA,NA,NA,NA,NA,NA,NA,NA,NA,NA,NA,NA,NA,NA,NA,"Aedes albopictus (Skuse, 1894)",NA,NA,NA,NA,NA,NA,NA,"Animalia","Arthropoda","Insecta","Diptera",NA,"Culicidae",NA,NA,NA,"Aedes","Aedes",NA,NA,"albopictus",NA,NA,"SPECIES",NA,NA,NA,"ACCEPTED",NA,NA,"33614778-513a-4ec0-814d-125021cca5fe","GB","2025-02-02T16:31:25.766Z",NA,NA,NA,NA,NA,"GEODETIC_DATUM_ASSUMED_WGS84;CONTINENT_DERIVED_FROM_COORDINATES;OCCURRENCE_STATUS_UNPARSABLE",NA,"true","false",1651430,1651430,1,54,216,811,3346,7924646,NA,1651430,"Aedes albopictus","Aedes albopictus (Skuse, 1894)","Aedes albopictus",NA,"DWC_ARCHIVE","2025-02-02T16:31:25.766Z","2025-01-24T08:50:12.886Z","true",NA,NA,"false","NORTH_AMERICA","EUROPE","USA","United States","USA.14_1","Illinois","USA.14.98_1","White","","","NE",13.1555004119873,24.4226665496826,0.848833382129669,1110,124,67,20.3617534637451,351,227,276,234,11.7681665420532,31.5322914123535,949.762512207031,31.5900001525879,-5.73099994659424,37.3209991455078,13.0775003433228,19.8063335418701
1264853727,NA,NA,NA,"CC0_1_0",NA,NA,NA,NA,NA,NA,NA,NA,NA,NA,NA,NA,"MATERIAL_CITATION",NA,NA,NA,4292,NA,NA,NA,NA,NA,NA,NA,NA,NA,NA,NA,NA,NA,NA,NA,NA,NA,"PRESENT",NA,NA,NA,NA,NA,NA,NA,NA,NA,NA,NA,NA,NA,NA,NA,NA,NA,NA,NA,NA,NA,NA,2000,NA,NA,NA,2000,NA,NA,NA,NA,NA,NA,NA,NA,NA,NA,NA,NA,NA,"NORTH_AMERICA",NA,NA,NA,"US",NA,"United States of America",NA,NA,NA,NA,NA,NA,NA,NA,NA,NA,NA,NA,NA,NA,NA,NA,NA,NA,NA,NA,NA,NA,NA,NA,NA,NA,NA,NA,NA,NA,NA,NA,NA,NA,NA,NA,NA,NA,NA,NA,NA,NA,NA,NA,NA,NA,NA,NA,NA,NA,NA,NA,NA,NA,NA,NA,NA,NA,NA,"Aedes albopictus (Skuse, 1894)",NA,NA,NA,NA,NA,NA,NA,"Animalia","Arthropoda","Insecta","Diptera",NA,"Culicidae",NA,NA,NA,"Aedes","Aedes",NA,NA,"albopictus",NA,NA,"SPECIES",NA,NA,NA,"ACCEPTED",NA,NA,"33614778-513a-4ec0-814d-125021cca5fe","GB","2025-02-02T16:31:25.763Z",NA,NA,NA,NA,NA,"GEODETIC_DATUM_ASSUMED_WGS84;CONTINENT_DERIVED_FROM_COORDINATES;OCCURRENCE_STATUS_UNPARSABLE",NA,"true","false",1651430,1651430,1,54,216,811,3346,7924646,NA,1651430,"Aedes albopictus","Aedes albopictus (Skuse, 1894)","Aedes albopictus",NA,"DWC_ARCHIVE","2025-02-02T16:31:25.763Z","2025-01-24T08:50:12.886Z","true",NA,NA,"false","NORTH_AMERICA","EUROPE","USA","United States","USA.14_1","Illinois","USA.14.77_1","Pope","","","NE",13.4567079544067,24.2078323364258,1.75650012493134,1224,126,78,16.3404922485352,370,252,303,281,11.7629165649414,32.5662155151367,902.185913085938,31.2639999389648,-4.85599994659424,36.1199989318848,13.3731670379639,19.8330001831055
1264853721,NA,NA,NA,"CC0_1_0",NA,NA,NA,NA,NA,NA,NA,NA,NA,NA,NA,NA,"MATERIAL_CITATION",NA,NA,NA,4295,NA,NA,NA,NA,NA,NA,NA,NA,NA,NA,NA,NA,NA,NA,NA,NA,NA,"PRESENT",NA,NA,NA,NA,NA,NA,NA,NA,NA,NA,NA,NA,NA,NA,NA,NA,NA,NA,NA,NA,NA,NA,2000,NA,NA,NA,2000,NA,NA,NA,NA,NA,NA,NA,NA,NA,NA,NA,NA,NA,"NORTH_AMERICA",NA,NA,NA,"US",NA,"United States of America",NA,NA,NA,NA,NA,NA,NA,NA,NA,NA,NA,NA,NA,NA,NA,NA,NA,NA,NA,NA,NA,NA,NA,NA,NA,NA,NA,NA,NA,NA,NA,NA,NA,NA,NA,NA,NA,NA,NA,NA,NA,NA,NA,NA,NA,NA,NA,NA,NA,NA,NA,NA,NA,NA,NA,NA,NA,NA,NA,"Aedes albopictus (Skuse, 1894)",NA,NA,NA,NA,NA,NA,NA,"Animalia","Arthropoda","Insecta","Diptera",NA,"Culicidae",NA,NA,NA,"Aedes","Aedes",NA,NA,"albopictus",NA,NA,"SPECIES",NA,NA,NA,"ACCEPTED",NA,NA,"33614778-513a-4ec0-814d-125021cca5fe","GB","2025-02-02T16:31:25.740Z",NA,NA,NA,NA,NA,"GEODETIC_DATUM_ASSUMED_WGS84;CONTINENT_DERIVED_FROM_COORDINATES;OCCURRENCE_STATUS_UNPARSABLE",NA,"true","false",1651430,1651430,1,54,216,811,3346,7924646,NA,1651430,"Aedes albopictus","Aedes albopictus (Skuse, 1894)","Aedes albopictus",NA,"DWC_ARCHIVE","2025-02-02T16:31:25.740Z","2025-01-24T08:50:12.886Z","true",NA,NA,"false","NORTH_AMERICA","EUROPE","USA","United States","USA.14_1","Illinois","USA.14.74_1","Perry","","","NE",13.2213335037231,24.5895004272461,0.900499999523163,1082,115,61,18.179874420166,326,216,279,216,11.5718336105347,30.9514904022217,953.640319824219,31.7070007324219,-5.67999982833862,37.3870010375977,13.0676670074463,0.900499999523163
1264853711,NA,NA,NA,"CC0_1_0",NA,NA,NA,NA,NA,NA,NA,NA,NA,NA,NA,NA,"MATERIAL_CITATION",NA,NA,NA,4294,NA,NA,NA,NA,NA,NA,NA,NA,NA,NA,NA,NA,NA,NA,NA,NA,NA,"PRESENT",NA,NA,NA,NA,NA,NA,NA,NA,NA,NA,NA,NA,NA,NA,NA,NA,NA,NA,NA,NA,NA,NA,2000,NA,NA,NA,2000,NA,NA,NA,NA,NA,NA,NA,NA,NA,NA,NA,NA,NA,"NORTH_AMERICA",NA,NA,NA,"US",NA,"United States of America",NA,NA,NA,NA,NA,NA,NA,NA,NA,NA,NA,NA,NA,NA,NA,NA,NA,NA,NA,NA,NA,NA,NA,NA,NA,NA,NA,NA,NA,NA,NA,NA,NA,NA,NA,NA,NA,NA,NA,NA,NA,NA,NA,NA,NA,NA,NA,NA,NA,NA,NA,NA,NA,NA,NA,NA,NA,NA,NA,"Aedes albopictus (Skuse, 1894)",NA,NA,NA,NA,NA,NA,NA,"Animalia","Arthropoda","Insecta","Diptera",NA,"Culicidae",NA,NA,NA,"Aedes","Aedes",NA,NA,"albopictus",NA,NA,"SPECIES",NA,NA,NA,"ACCEPTED",NA,NA,"33614778-513a-4ec0-814d-125021cca5fe","GB","2025-02-02T16:31:25.738Z",NA,NA,NA,NA,NA,"GEODETIC_DATUM_ASSUMED_WGS84;CONTINENT_DERIVED_FROM_COORDINATES;OCCURRENCE_STATUS_UNPARSABLE",NA,"true","false",1651430,1651430,1,54,216,811,3346,7924646,NA,1651430,"Aedes albopictus","Aedes albopictus (Skuse, 1894)","Aedes albopictus",NA,"DWC_ARCHIVE","2025-02-02T16:31:25.738Z","2025-01-24T08:50:12.886Z","true",NA,NA,"false","NORTH_AMERICA","EUROPE","USA","United States","USA.14_1","Illinois","USA.14.84_1","Saline","","","NE",13.4723749160767,24.6201667785645,1.36883342266083,1157,122,76,18.0124435424805,355,237,290,252,12.0932502746582,32.3885841369629,937.096801757812,31.8950004577637,-5.44299983978271,37.3380012512207,13.3961668014526,20.0178337097168
1264853677,NA,NA,NA,"CC0_1_0",NA,NA,NA,NA,NA,NA,NA,NA,NA,NA,NA,NA,"MATERIAL_CITATION",NA,NA,NA,4256,NA,NA,NA,NA,NA,NA,NA,NA,NA,NA,NA,NA,NA,NA,NA,NA,NA,"PRESENT",NA,NA,NA,NA,NA,NA,NA,NA,NA,NA,NA,NA,NA,NA,NA,NA,NA,NA,NA,NA,NA,NA,1998,NA,NA,NA,1998,NA,NA,NA,NA,NA,NA,NA,NA,NA,NA,NA,NA,NA,"NORTH_AMERICA",NA,NA,NA,"US",NA,"United States of America",NA,NA,NA,NA,NA,NA,NA,NA,NA,NA,NA,NA,NA,NA,NA,NA,NA,NA,NA,NA,NA,NA,NA,NA,NA,NA,NA,NA,NA,NA,NA,NA,NA,NA,NA,NA,NA,NA,NA,NA,NA,NA,NA,NA,NA,NA,NA,NA,NA,NA,NA,NA,NA,NA,NA,NA,NA,NA,NA,"Aedes albopictus (Skuse, 1894)",NA,NA,NA,NA,NA,NA,NA,"Animalia","Arthropoda","Insecta","Diptera",NA,"Culicidae",NA,NA,NA,"Aedes","Aedes",NA,NA,"albopictus",NA,NA,"SPECIES",NA,NA,NA,"ACCEPTED",NA,NA,"33614778-513a-4ec0-814d-125021cca5fe","GB","2025-02-02T16:31:25.579Z",NA,NA,NA,NA,NA,"GEODETIC_DATUM_ASSUMED_WGS84;CONTINENT_DERIVED_FROM_COORDINATES;OCCURRENCE_STATUS_UNPARSABLE",NA,"true","false",1651430,1651430,1,54,216,811,3346,7924646,NA,1651430,"Aedes albopictus","Aedes albopictus (Skuse, 1894)","Aedes albopictus",NA,"DWC_ARCHIVE","2025-02-02T16:31:25.579Z","2025-01-24T08:50:12.886Z","true",NA,NA,"false","NORTH_AMERICA","EUROPE","USA","United States","USA.14_1","Illinois","USA.14.44_1","Johnson","","","NE",13.5056247711182,24.4955005645752,1.57266664505005,1199,125,78,16.2410221099854,364,253,291,273,11.7252502441406,31.9506511688232,922.304443359375,31.5450000762939,-5.15299987792969,36.697998046875,13.422833442688,19.9891662597656
1264853673,NA,NA,NA,"CC0_1_0",NA,NA,NA,NA,NA,NA,NA,NA,NA,NA,NA,NA,"MATERIAL_CITATION",NA,NA,NA,4296,NA,NA,NA,NA,NA,NA,NA,NA,NA,NA,NA,NA,NA,NA,NA,NA,NA,"PRESENT",NA,NA,NA,NA,NA,NA,NA,NA,NA,NA,NA,NA,NA,NA,NA,NA,NA,NA,NA,NA,NA,NA,2000,NA,NA,NA,2000,NA,NA,NA,NA,NA,NA,NA,NA,NA,NA,NA,NA,NA,"NORTH_AMERICA",NA,NA,NA,"US",NA,"United States of America",NA,NA,NA,NA,NA,NA,NA,NA,NA,NA,NA,NA,NA,NA,NA,NA,NA,NA,NA,NA,NA,NA,NA,NA,NA,NA,NA,NA,NA,NA,NA,NA,NA,NA,NA,NA,NA,NA,NA,NA,NA,NA,NA,NA,NA,NA,NA,NA,NA,NA,NA,NA,NA,NA,NA,NA,NA,NA,NA,"Aedes albopictus (Skuse, 1894)",NA,NA,NA,NA,NA,NA,NA,"Animalia","Arthropoda","Insecta","Diptera",NA,"Culicidae",NA,NA,NA,"Aedes","Aedes",NA,NA,"albopictus",NA,NA,"SPECIES",NA,NA,NA,"ACCEPTED",NA,NA,"33614778-513a-4ec0-814d-125021cca5fe","GB","2025-02-02T16:31:25.577Z",NA,NA,NA,NA,NA,"GEODETIC_DATUM_ASSUMED_WGS84;CONTINENT_DERIVED_FROM_COORDINATES;OCCURRENCE_STATUS_UNPARSABLE",NA,"true","false",1651430,1651430,1,54,216,811,3346,7924646,NA,1651430,"Aedes albopictus","Aedes albopictus (Skuse, 1894)","Aedes albopictus",NA,"DWC_ARCHIVE","2025-02-02T16:31:25.577Z","2025-01-24T08:50:12.886Z","true",NA,NA,"false","NORTH_AMERICA","EUROPE","USA","United States","USA.14_1","Illinois","USA.14.33_1","Hamilton","","","NE",13.0191249847412,24.3266658782959,0.677333414554596,1110,118,70,19.4046726226807,346,232,271,232,11.9522504806519,31.7836723327637,952.265930175781,31.6490001678467,-5.95599985122681,37.6049995422363,12.9060001373291,19.7320003509521
1264853669,NA,NA,NA,"CC0_1_0",NA,NA,NA,NA,NA,NA,NA,NA,NA,NA,NA,NA,"MATERIAL_CITATION",NA,NA,NA,4275,NA,NA,NA,NA,NA,NA,NA,NA,NA,NA,NA,NA,NA,NA,NA,NA,NA,"PRESENT",NA,NA,NA,NA,NA,NA,NA,NA,NA,NA,NA,NA,NA,NA,NA,NA,NA,NA,NA,NA,NA,NA,1999,NA,NA,NA,1999,NA,NA,NA,NA,NA,NA,NA,NA,NA,NA,NA,NA,NA,"NORTH_AMERICA",NA,NA,NA,"US",NA,"United States of America",NA,NA,NA,NA,NA,NA,NA,NA,NA,NA,NA,NA,NA,NA,NA,NA,NA,NA,NA,NA,NA,NA,NA,NA,NA,NA,NA,NA,NA,NA,NA,NA,NA,NA,NA,NA,NA,NA,NA,NA,NA,NA,NA,NA,NA,NA,NA,NA,NA,NA,NA,NA,NA,NA,NA,NA,NA,NA,NA,"Aedes albopictus (Skuse, 1894)",NA,NA,NA,NA,NA,NA,NA,"Animalia","Arthropoda","Insecta","Diptera",NA,"Culicidae",NA,NA,NA,"Aedes","Aedes",NA,NA,"albopictus",NA,NA,"SPECIES",NA,NA,NA,"ACCEPTED",NA,NA,"33614778-513a-4ec0-814d-125021cca5fe","GB","2025-02-02T16:31:25.567Z",NA,NA,NA,NA,NA,"GEODETIC_DATUM_ASSUMED_WGS84;CONTINENT_DERIVED_FROM_COORDINATES;OCCURRENCE_STATUS_UNPARSABLE",NA,"true","false",1651430,1651430,1,54,216,811,3346,7924646,NA,1651430,"Aedes albopictus","Aedes albopictus (Skuse, 1894)","Aedes albopictus",NA,"DWC_ARCHIVE","2025-02-02T16:31:25.567Z","2025-01-24T08:50:12.886Z","true",NA,NA,"false","NORTH_AMERICA","EUROPE","USA","United States","USA.14_1","Illinois","USA.14.30_1","Gallatin","","","NE",13.4637498855591,24.5,1.32966673374176,1142,123,71,18.6429557800293,351,228,287,253,12.0979995727539,32.654052734375,937.0205078125,31.5860004425049,-5.46299982070923,37.048999786377,13.4643325805664,20.0713329315186
1264853443,NA,NA,NA,"CC0_1_0",NA,NA,NA,NA,NA,NA,NA,NA,NA,NA,NA,NA,"MATERIAL_CITATION",NA,NA,NA,4036,NA,NA,NA,NA,NA,NA,NA,NA,NA,NA,NA,NA,NA,NA,NA,NA,NA,"PRESENT",NA,NA,NA,NA,NA,NA,NA,NA,NA,NA,NA,NA,NA,NA,NA,NA,NA,NA,NA,NA,NA,NA,1996,NA,NA,NA,1996,NA,NA,NA,NA,NA,NA,NA,NA,NA,NA,NA,NA,NA,"NORTH_AMERICA",NA,NA,NA,"US",NA,"United States of America",NA,NA,NA,NA,NA,NA,NA,NA,NA,NA,NA,NA,NA,NA,NA,NA,NA,NA,NA,NA,NA,NA,NA,NA,NA,NA,NA,NA,NA,NA,NA,NA,NA,NA,NA,NA,NA,NA,NA,NA,NA,NA,NA,NA,NA,NA,NA,NA,NA,NA,NA,NA,NA,NA,NA,NA,NA,NA,NA,"Aedes albopictus (Skuse, 1894)",NA,NA,NA,NA,NA,NA,NA,"Animalia","Arthropoda","Insecta","Diptera",NA,"Culicidae",NA,NA,NA,"Aedes","Aedes",NA,NA,"albopictus",NA,NA,"SPECIES",NA,NA,NA,"ACCEPTED",NA,NA,"33614778-513a-4ec0-814d-125021cca5fe","GB","2025-02-02T16:31:25.405Z",NA,NA,NA,NA,NA,"GEODETIC_DATUM_ASSUMED_WGS84;CONTINENT_DERIVED_FROM_COORDINATES;OCCURRENCE_STATUS_UNPARSABLE",NA,"true","false",1651430,1651430,1,54,216,811,3346,7924646,NA,1651430,"Aedes albopictus","Aedes albopictus (Skuse, 1894)","Aedes albopictus",NA,"DWC_ARCHIVE","2025-02-02T16:31:25.405Z","2025-01-24T08:50:12.886Z","true",NA,NA,"false","NORTH_AMERICA","EUROPE","USA","United States","USA.14_1","Illinois","USA.14.62_1","Massac","","","NE",13.9855833053589,24.8680000305176,2.19099998474121,1236,124,79,15.1367712020874,369,260,295,292,12.0764999389648,33.073616027832,913.072998046875,31.9300003051758,-4.58400011062622,36.5139999389648,13.9326667785645,20.3623332977295
1264853329,NA,NA,NA,"CC0_1_0",NA,NA,NA,NA,NA,NA,NA,NA,NA,NA,NA,NA,"MATERIAL_CITATION",NA,NA,NA,3900,NA,NA,NA,NA,NA,NA,NA,NA,NA,NA,NA,NA,NA,NA,NA,NA,NA,"PRESENT",NA,NA,NA,NA,NA,NA,NA,NA,NA,NA,NA,NA,NA,NA,NA,NA,NA,NA,NA,NA,NA,NA,1993,NA,NA,NA,1993,NA,NA,NA,NA,NA,NA,NA,NA,NA,NA,NA,NA,NA,"NORTH_AMERICA",NA,NA,NA,"US",NA,"United States of America",NA,NA,NA,NA,NA,NA,NA,NA,NA,NA,NA,NA,NA,NA,NA,NA,NA,NA,NA,NA,NA,NA,NA,NA,NA,NA,NA,NA,NA,NA,NA,NA,NA,NA,NA,NA,NA,NA,NA,NA,NA,NA,NA,NA,NA,NA,NA,NA,NA,NA,NA,NA,NA,NA,NA,NA,NA,NA,NA,"Aedes albopictus (Skuse, 1894)",NA,NA,NA,NA,NA,NA,NA,"Animalia","Arthropoda","Insecta","Diptera",NA,"Culicidae",NA,NA,NA,"Aedes","Aedes",NA,NA,"albopictus",NA,NA,"SPECIES",NA,NA,NA,"ACCEPTED",NA,NA,"33614778-513a-4ec0-814d-125021cca5fe","GB","2025-02-02T16:31:25.337Z",NA,NA,NA,NA,NA,"GEODETIC_DATUM_ASSUMED_WGS84;CONTINENT_DERIVED_FROM_COORDINATES;OCCURRENCE_STATUS_UNPARSABLE",NA,"true","false",1651430,1651430,1,54,216,811,3346,7924646,NA,1651430,"Aedes albopictus","Aedes albopictus (Skuse, 1894)","Aedes albopictus",NA,"DWC_ARCHIVE","2025-02-02T16:31:25.337Z","2025-01-24T08:50:12.886Z","true",NA,NA,"false","NORTH_AMERICA","EUROPE","USA","United States","USA.14_1","Illinois","USA.14.80_1","Randolph","","","NE",13.0524587631226,24.4321670532227,0.710166752338409,1068,110,57,18.1835021972656,312,207,285,207,11.9310836791992,31.5136909484863,954.128112792969,31.7530002593994,-6.10699987411499,37.8600006103516,12.8500003814697,0.710166752338409
1264853318,NA,NA,NA,"CC0_1_0",NA,NA,NA,NA,NA,NA,NA,NA,NA,NA,NA,NA,"MATERIAL_CITATION",NA,NA,NA,3897,NA,NA,NA,NA,NA,NA,NA,NA,NA,NA,NA,NA,NA,NA,NA,NA,NA,"PRESENT",NA,NA,NA,NA,NA,NA,NA,NA,NA,NA,NA,NA,NA,NA,NA,NA,NA,NA,NA,NA,NA,NA,1993,NA,NA,NA,1993,NA,NA,NA,NA,NA,NA,NA,NA,NA,NA,NA,NA,NA,"NORTH_AMERICA",NA,NA,NA,"US",NA,"United States of America",NA,NA,NA,NA,NA,NA,NA,NA,NA,NA,NA,NA,NA,NA,NA,NA,NA,NA,NA,NA,NA,NA,NA,NA,NA,NA,NA,NA,NA,NA,NA,NA,NA,NA,NA,NA,NA,NA,NA,NA,NA,NA,NA,NA,NA,NA,NA,NA,NA,NA,NA,NA,NA,NA,NA,NA,NA,NA,NA,"Aedes albopictus (Skuse, 1894)",NA,NA,NA,NA,NA,NA,NA,"Animalia","Arthropoda","Insecta","Diptera",NA,"Culicidae",NA,NA,NA,"Aedes","Aedes",NA,NA,"albopictus",NA,NA,"SPECIES",NA,NA,NA,"ACCEPTED",NA,NA,"33614778-513a-4ec0-814d-125021cca5fe","GB","2025-02-02T16:31:25.296Z",NA,NA,NA,NA,NA,"GEODETIC_DATUM_ASSUMED_WGS84;CONTINENT_DERIVED_FROM_COORDINATES;OCCURRENCE_STATUS_UNPARSABLE",NA,"true","false",1651430,1651430,1,54,216,811,3346,7924646,NA,1651430,"Aedes albopictus","Aedes albopictus (Skuse, 1894)","Aedes albopictus",NA,"DWC_ARCHIVE","2025-02-02T16:31:25.296Z","2025-01-24T08:50:12.886Z","true",NA,NA,"false","NORTH_AMERICA","EUROPE","USA","United States","USA.14_1","Illinois","USA.14.39_1","Jackson","","","NE",13.4516248703003,24.7018337249756,1.32216656208038,1136,120,68,17.7746925354004,343,238,290,238,11.543083190918,31.2473487854004,940.713500976562,31.7490005493164,-5.19199991226196,36.9410018920898,13.2778329849243,1.32216656208038
1264853298,NA,NA,NA,"CC0_1_0",NA,NA,NA,NA,NA,NA,NA,NA,NA,NA,NA,NA,"MATERIAL_CITATION",NA,NA,NA,3892,NA,NA,NA,NA,NA,NA,NA,NA,NA,NA,NA,NA,NA,NA,NA,NA,NA,"PRESENT",NA,NA,NA,NA,NA,NA,NA,NA,NA,NA,NA,NA,NA,NA,NA,NA,NA,NA,NA,NA,NA,NA,1993,NA,NA,NA,1993,NA,NA,NA,NA,NA,NA,NA,NA,NA,NA,NA,NA,NA,"NORTH_AMERICA",NA,NA,NA,"US",NA,"United States of America",NA,NA,NA,NA,NA,NA,NA,NA,NA,NA,NA,NA,NA,NA,NA,NA,NA,NA,NA,NA,NA,NA,NA,NA,NA,NA,NA,NA,NA,NA,NA,NA,NA,NA,NA,NA,NA,NA,NA,NA,NA,NA,NA,NA,NA,NA,NA,NA,NA,NA,NA,NA,NA,NA,NA,NA,NA,NA,NA,"Aedes albopictus (Skuse, 1894)",NA,NA,NA,NA,NA,NA,NA,"Animalia","Arthropoda","Insecta","Diptera",NA,"Culicidae",NA,NA,NA,"Aedes","Aedes",NA,NA,"albopictus",NA,NA,"SPECIES",NA,NA,NA,"ACCEPTED",NA,NA,"33614778-513a-4ec0-814d-125021cca5fe","GB","2025-02-02T16:31:25.280Z",NA,NA,NA,NA,NA,"GEODETIC_DATUM_ASSUMED_WGS84;CONTINENT_DERIVED_FROM_COORDINATES;OCCURRENCE_STATUS_UNPARSABLE",NA,"true","false",1651430,1651430,1,54,216,811,3346,7924646,NA,1651430,"Aedes albopictus","Aedes albopictus (Skuse, 1894)","Aedes albopictus",NA,"DWC_ARCHIVE","2025-02-02T16:31:25.280Z","2025-01-24T08:50:12.886Z","true",NA,NA,"false","NORTH_AMERICA","EUROPE","USA","United States","USA.14_1","Illinois","USA.14.92_1","Union","","","NE",13.4354162216187,24.469165802002,1.43966662883759,1199,128,78,17.087381362915,366,259,285,269,11.4311666488647,31.1221523284912,926.064208984375,31.4860000610352,-5.24399995803833,36.7299995422363,13.3118333816528,19.9803333282471
1264853296,NA,NA,NA,"CC0_1_0",NA,NA,NA,NA,NA,NA,NA,NA,NA,NA,NA,NA,"MATERIAL_CITATION",NA,NA,NA,3889,NA,NA,NA,NA,NA,NA,NA,NA,NA,NA,NA,NA,NA,NA,NA,NA,NA,"PRESENT",NA,NA,NA,NA,NA,NA,NA,NA,NA,NA,NA,NA,NA,NA,NA,NA,NA,NA,NA,NA,NA,NA,1993,NA,NA,NA,1993,NA,NA,NA,NA,NA,NA,NA,NA,NA,NA,NA,NA,NA,"NORTH_AMERICA",NA,NA,NA,"US",NA,"United States of America",NA,NA,NA,NA,NA,NA,NA,NA,NA,NA,NA,NA,NA,NA,NA,NA,NA,NA,NA,NA,NA,NA,NA,NA,NA,NA,NA,NA,NA,NA,NA,NA,NA,NA,NA,NA,NA,NA,NA,NA,NA,NA,NA,NA,NA,NA,NA,NA,NA,NA,NA,NA,NA,NA,NA,NA,NA,NA,NA,"Aedes albopictus (Skuse, 1894)",NA,NA,NA,NA,NA,NA,NA,"Animalia","Arthropoda","Insecta","Diptera",NA,"Culicidae",NA,NA,NA,"Aedes","Aedes",NA,NA,"albopictus",NA,NA,"SPECIES",NA,NA,NA,"ACCEPTED",NA,NA,"33614778-513a-4ec0-814d-125021cca5fe","GB","2025-02-02T16:31:25.281Z",NA,NA,NA,NA,NA,"GEODETIC_DATUM_ASSUMED_WGS84;CONTINENT_DERIVED_FROM_COORDINATES;OCCURRENCE_STATUS_UNPARSABLE",NA,"true","false",1651430,1651430,1,54,216,811,3346,7924646,NA,1651430,"Aedes albopictus","Aedes albopictus (Skuse, 1894)","Aedes albopictus",NA,"DWC_ARCHIVE","2025-02-02T16:31:25.281Z","2025-01-24T08:50:12.886Z","true",NA,NA,"false","NORTH_AMERICA","EUROPE","USA","United States","USA.14_1","Illinois","USA.14.2_1","Alexander","","","NE",13.6655836105347,24.5793342590332,1.84700000286102,1206,129,78,16.5206661224365,368,265,284,274,11.247166633606,30.966869354248,914.872802734375,31.5370006561279,-4.78299999237061,36.3199996948242,13.4324998855591,20.1895008087158
1264853045,NA,NA,NA,"CC0_1_0",NA,NA,NA,NA,NA,NA,NA,NA,NA,NA,NA,NA,"MATERIAL_CITATION",NA,NA,NA,3619,NA,NA,NA,NA,NA,NA,NA,NA,NA,NA,NA,NA,NA,NA,NA,NA,NA,"PRESENT",NA,NA,NA,NA,NA,NA,NA,NA,NA,NA,NA,NA,NA,NA,NA,NA,NA,NA,NA,NA,NA,NA,1991,NA,NA,NA,1991,NA,NA,NA,NA,NA,NA,NA,NA,NA,NA,NA,NA,NA,"NORTH_AMERICA",NA,NA,NA,"US",NA,"United States of America",NA,NA,NA,NA,NA,NA,NA,NA,NA,NA,NA,NA,NA,NA,NA,NA,NA,NA,NA,NA,NA,NA,NA,NA,NA,NA,NA,NA,NA,NA,NA,NA,NA,NA,NA,NA,NA,NA,NA,NA,NA,NA,NA,NA,NA,NA,NA,NA,NA,NA,NA,NA,NA,NA,NA,NA,NA,NA,NA,"Aedes albopictus (Skuse, 1894)",NA,NA,NA,NA,NA,NA,NA,"Animalia","Arthropoda","Insecta","Diptera",NA,"Culicidae",NA,NA,NA,"Aedes","Aedes",NA,NA,"albopictus",NA,NA,"SPECIES",NA,NA,NA,"ACCEPTED",NA,NA,"33614778-513a-4ec0-814d-125021cca5fe","GB","2025-02-02T16:31:24.992Z",NA,NA,NA,NA,NA,"GEODETIC_DATUM_ASSUMED_WGS84;CONTINENT_DERIVED_FROM_COORDINATES;OCCURRENCE_STATUS_UNPARSABLE",NA,"true","false",1651430,1651430,1,54,216,811,3346,7924646,NA,1651430,"Aedes albopictus","Aedes albopictus (Skuse, 1894)","Aedes albopictus",NA,"DWC_ARCHIVE","2025-02-02T16:31:24.992Z","2025-01-24T08:50:12.886Z","true",NA,NA,"false","NORTH_AMERICA","EUROPE","USA","United States","USA.14_1","Illinois","USA.14.101_1","Williamson","","","NE",13.4440412521362,24.5926666259766,1.41633331775665,1152,121,74,17.4456520080566,352,244,286,254,11.6585836410522,31.5856609344482,932.951965332031,31.6499996185303,-5.26100015640259,36.9109992980957,13.2938327789307,19.9874992370605
1264852858,NA,NA,NA,"CC0_1_0",NA,NA,NA,NA,NA,NA,NA,NA,NA,NA,NA,NA,"MATERIAL_CITATION",NA,NA,NA,3342,NA,NA,NA,NA,NA,NA,NA,NA,NA,NA,NA,NA,NA,NA,NA,NA,NA,"PRESENT",NA,NA,NA,NA,NA,NA,NA,NA,NA,NA,NA,NA,NA,NA,NA,NA,NA,NA,NA,NA,NA,NA,2001,NA,NA,NA,2001,NA,NA,NA,NA,NA,NA,NA,NA,NA,NA,NA,NA,NA,"NORTH_AMERICA",NA,NA,NA,"US",NA,"United States of America",NA,NA,NA,NA,NA,NA,NA,NA,NA,NA,NA,NA,NA,NA,NA,NA,NA,NA,NA,NA,NA,NA,NA,NA,NA,NA,NA,NA,NA,NA,NA,NA,NA,NA,NA,NA,NA,NA,NA,NA,NA,NA,NA,NA,NA,NA,NA,NA,NA,NA,NA,NA,NA,NA,NA,NA,NA,NA,NA,"Aedes albopictus (Skuse, 1894)",NA,NA,NA,NA,NA,NA,NA,"Animalia","Arthropoda","Insecta","Diptera",NA,"Culicidae",NA,NA,NA,"Aedes","Aedes",NA,NA,"albopictus",NA,NA,"SPECIES",NA,NA,NA,"ACCEPTED",NA,NA,"33614778-513a-4ec0-814d-125021cca5fe","GB","2025-02-02T16:31:26.072Z",NA,NA,NA,NA,NA,"GEODETIC_DATUM_ASSUMED_WGS84;CONTINENT_DERIVED_FROM_COORDINATES;OCCURRENCE_STATUS_UNPARSABLE",NA,"true","false",1651430,1651430,1,54,216,811,3346,7924646,NA,1651430,"Aedes albopictus","Aedes albopictus (Skuse, 1894)","Aedes albopictus",NA,"DWC_ARCHIVE","2025-02-02T16:31:26.072Z","2025-01-24T08:50:12.886Z","true",NA,NA,"false","NORTH_AMERICA","EUROPE","USA","United States","USA.14_1","Illinois","USA.14.69_1","Montgomery","","","NE",11.8843755722046,23.6943340301514,-1.11133325099945,999,109,50,22.6518020629883,317,176,276,176,11.6684169769287,29.9197826385498,997.298645019531,31.1300010681152,-7.86899995803833,38.9990005493164,17.3269996643066,-1.11133325099945
1264852846,NA,NA,NA,"CC0_1_0",NA,NA,NA,NA,NA,NA,NA,NA,NA,NA,NA,NA,"MATERIAL_CITATION",NA,NA,NA,3338,NA,NA,NA,NA,NA,NA,NA,NA,NA,NA,NA,NA,NA,NA,NA,NA,NA,"PRESENT",NA,NA,NA,NA,NA,NA,NA,NA,NA,NA,NA,NA,NA,NA,NA,NA,NA,NA,NA,NA,NA,NA,2007,NA,NA,NA,2007,NA,NA,NA,NA,NA,NA,NA,NA,NA,NA,NA,NA,NA,"NORTH_AMERICA",NA,NA,NA,"US",NA,"United States of America",NA,NA,NA,NA,NA,NA,NA,NA,NA,NA,NA,NA,NA,NA,NA,NA,NA,NA,NA,NA,NA,NA,NA,NA,NA,NA,NA,NA,NA,NA,NA,NA,NA,NA,NA,NA,NA,NA,NA,NA,NA,NA,NA,NA,NA,NA,NA,NA,NA,NA,NA,NA,NA,NA,NA,NA,NA,NA,NA,"Aedes albopictus (Skuse, 1894)",NA,NA,NA,NA,NA,NA,NA,"Animalia","Arthropoda","Insecta","Diptera",NA,"Culicidae",NA,NA,NA,"Aedes","Aedes",NA,NA,"albopictus",NA,NA,"SPECIES",NA,NA,NA,"ACCEPTED",NA,NA,"33614778-513a-4ec0-814d-125021cca5fe","GB","2025-02-02T16:31:26.099Z",NA,NA,NA,NA,NA,"GEODETIC_DATUM_ASSUMED_WGS84;CONTINENT_DERIVED_FROM_COORDINATES;OCCURRENCE_STATUS_UNPARSABLE",NA,"true","false",1651430,1651430,1,54,216,811,3346,7924646,NA,1651430,"Aedes albopictus","Aedes albopictus (Skuse, 1894)","Aedes albopictus",NA,"DWC_ARCHIVE","2025-02-02T16:31:26.099Z","2025-01-24T08:50:12.886Z","true",NA,NA,"false","NORTH_AMERICA","EUROPE","USA","United States","USA.14_1","Illinois","USA.14.66_1","Menard","","","NE",11.2000827789307,23.2748336791992,-2.22300004959106,921,105,39,26.5753421783447,294,146,276,146,11.5989999771118,29.4622669219971,1027.01599121094,30.5149993896484,-8.85400009155273,39.3689994812012,21.3091659545898,-2.22300004959106
1264852836,NA,NA,NA,"CC0_1_0",NA,NA,NA,NA,NA,NA,NA,NA,NA,NA,NA,NA,"MATERIAL_CITATION",NA,NA,NA,3416,NA,NA,NA,NA,NA,NA,NA,NA,NA,NA,NA,NA,NA,NA,NA,NA,NA,"PRESENT",NA,NA,NA,NA,NA,NA,NA,NA,NA,NA,NA,NA,NA,NA,NA,NA,NA,NA,NA,NA,NA,NA,1986,NA,NA,NA,1986,NA,NA,NA,NA,NA,NA,NA,NA,NA,NA,NA,NA,NA,"NORTH_AMERICA",NA,NA,NA,"US",NA,"United States of America",NA,NA,NA,NA,NA,NA,NA,NA,NA,NA,NA,NA,NA,NA,NA,NA,NA,NA,NA,NA,NA,NA,NA,NA,NA,NA,NA,NA,NA,NA,NA,NA,NA,NA,NA,NA,NA,NA,NA,NA,NA,NA,NA,NA,NA,NA,NA,NA,NA,NA,NA,NA,NA,NA,NA,NA,NA,NA,NA,"Aedes albopictus (Skuse, 1894)",NA,NA,NA,NA,NA,NA,NA,"Animalia","Arthropoda","Insecta","Diptera",NA,"Culicidae",NA,NA,NA,"Aedes","Aedes",NA,NA,"albopictus",NA,NA,"SPECIES",NA,NA,NA,"ACCEPTED",NA,NA,"33614778-513a-4ec0-814d-125021cca5fe","GB","2025-02-02T16:31:26.094Z",NA,NA,NA,NA,NA,"GEODETIC_DATUM_ASSUMED_WGS84;CONTINENT_DERIVED_FROM_COORDINATES;OCCURRENCE_STATUS_UNPARSABLE",NA,"true","false",1651430,1651430,1,54,216,811,3346,7924646,NA,1651430,"Aedes albopictus","Aedes albopictus (Skuse, 1894)","Aedes albopictus",NA,"DWC_ARCHIVE","2025-02-02T16:31:26.094Z","2025-01-24T08:50:12.886Z","true",NA,NA,"false","NORTH_AMERICA","EUROPE","USA","United States","USA.14_1","Illinois","USA.14.83_1","Saint Clair","","","NE",12.7958755493164,24.4120006561279,0.165833234786987,978,104,52,18.6889781951904,293,186,270,186,11.601583480835,30.5128173828125,975.892517089844,31.5109996795654,-6.51100015640259,38.0219993591309,22.4045009613037,0.165833234786987
1264852832,NA,NA,NA,"CC0_1_0",NA,NA,NA,NA,NA,NA,NA,NA,NA,NA,NA,NA,"MATERIAL_CITATION",NA,NA,NA,3341,NA,NA,NA,NA,NA,NA,NA,NA,NA,NA,NA,NA,NA,NA,NA,NA,NA,"PRESENT",NA,NA,NA,NA,NA,NA,NA,NA,NA,NA,NA,NA,NA,NA,NA,NA,NA,NA,NA,NA,NA,NA,2001,NA,NA,NA,2001,NA,NA,NA,NA,NA,NA,NA,NA,NA,NA,NA,NA,NA,"NORTH_AMERICA",NA,NA,NA,"US",NA,"United States of America",NA,NA,NA,NA,NA,NA,NA,NA,NA,NA,NA,NA,NA,NA,NA,NA,NA,NA,NA,NA,NA,NA,NA,NA,NA,NA,NA,NA,NA,NA,NA,NA,NA,NA,NA,NA,NA,NA,NA,NA,NA,NA,NA,NA,NA,NA,NA,NA,NA,NA,NA,NA,NA,NA,NA,NA,NA,NA,NA,"Aedes albopictus (Skuse, 1894)",NA,NA,NA,NA,NA,NA,NA,"Animalia","Arthropoda","Insecta","Diptera",NA,"Culicidae",NA,NA,NA,"Aedes","Aedes",NA,NA,"albopictus",NA,NA,"SPECIES",NA,NA,NA,"ACCEPTED",NA,NA,"33614778-513a-4ec0-814d-125021cca5fe","GB","2025-02-02T16:31:26.092Z",NA,NA,NA,NA,NA,"GEODETIC_DATUM_ASSUMED_WGS84;CONTINENT_DERIVED_FROM_COORDINATES;OCCURRENCE_STATUS_UNPARSABLE",NA,"true","false",1651430,1651430,1,54,216,811,3346,7924646,NA,1651430,"Aedes albopictus","Aedes albopictus (Skuse, 1894)","Aedes albopictus",NA,"DWC_ARCHIVE","2025-02-02T16:31:26.092Z","2025-01-24T08:50:12.886Z","true",NA,NA,"false","NORTH_AMERICA","EUROPE","USA","United States","USA.14_1","Illinois","USA.14.59_1","Marion","","","NE",12.4919576644897,24.0906658172607,-0.162833377718925,1039,109,51,20.715311050415,311,202,279,202,11.652416229248,30.5108985900879,976.262878417969,31.3429985046387,-6.84800004959106,38.1909980773926,22.045166015625,-0.162833377718925
1264852823,NA,NA,NA,"CC0_1_0",NA,NA,NA,NA,NA,NA,NA,NA,NA,NA,NA,NA,"MATERIAL_CITATION",NA,NA,NA,3337,NA,NA,NA,NA,NA,NA,NA,NA,NA,NA,NA,NA,NA,NA,NA,NA,NA,"PRESENT",NA,NA,NA,NA,NA,NA,NA,NA,NA,NA,NA,NA,NA,NA,NA,NA,NA,NA,NA,NA,NA,NA,2006,NA,NA,NA,2006,NA,NA,NA,NA,NA,NA,NA,NA,NA,NA,NA,NA,NA,"NORTH_AMERICA",NA,NA,NA,"US",NA,"United States of America",NA,NA,NA,NA,NA,NA,NA,NA,NA,NA,NA,NA,NA,NA,NA,NA,NA,NA,NA,NA,NA,NA,NA,NA,NA,NA,NA,NA,NA,NA,NA,NA,NA,NA,NA,NA,NA,NA,NA,NA,NA,NA,NA,NA,NA,NA,NA,NA,NA,NA,NA,NA,NA,NA,NA,NA,NA,NA,NA,"Aedes albopictus (Skuse, 1894)",NA,NA,NA,NA,NA,NA,NA,"Animalia","Arthropoda","Insecta","Diptera",NA,"Culicidae",NA,NA,NA,"Aedes","Aedes",NA,NA,"albopictus",NA,NA,"SPECIES",NA,NA,NA,"ACCEPTED",NA,NA,"33614778-513a-4ec0-814d-125021cca5fe","GB","2025-02-02T16:31:26.065Z",NA,NA,NA,NA,NA,"GEODETIC_DATUM_ASSUMED_WGS84;CONTINENT_DERIVED_FROM_COORDINATES;OCCURRENCE_STATUS_UNPARSABLE",NA,"true","false",1651430,1651430,1,54,216,811,3346,7924646,NA,1651430,"Aedes albopictus","Aedes albopictus (Skuse, 1894)","Aedes albopictus",NA,"DWC_ARCHIVE","2025-02-02T16:31:26.065Z","2025-01-24T08:50:12.886Z","true",NA,NA,"false","NORTH_AMERICA","EUROPE","USA","United States","USA.14_1","Illinois","USA.14.65_1","McLean","","","NE",10.4198751449585,22.5896663665771,-3.03066658973694,955,106,41,26.9575519561768,303,153,288,153,11.2922496795654,28.7583408355713,1034.48645019531,29.5979995727539,-9.66800022125244,39.265998840332,20.654167175293,-3.03066658973694
1264852816,NA,NA,NA,"CC0_1_0",NA,NA,NA,NA,NA,NA,NA,NA,NA,NA,NA,NA,"MATERIAL_CITATION",NA,NA,NA,3345,NA,NA,NA,NA,NA,NA,NA,NA,NA,NA,NA,NA,NA,NA,NA,NA,NA,"PRESENT",NA,NA,NA,NA,NA,NA,NA,NA,NA,NA,NA,NA,NA,NA,NA,NA,NA,NA,NA,NA,NA,NA,2004,NA,NA,NA,2004,NA,NA,NA,NA,NA,NA,NA,NA,NA,NA,NA,NA,NA,"NORTH_AMERICA",NA,NA,NA,"US",NA,"United States of America",NA,NA,NA,NA,NA,NA,NA,NA,NA,NA,NA,NA,NA,NA,NA,NA,NA,NA,NA,NA,NA,NA,NA,NA,NA,NA,NA,NA,NA,NA,NA,NA,NA,NA,NA,NA,NA,NA,NA,NA,NA,NA,NA,NA,NA,NA,NA,NA,NA,NA,NA,NA,NA,NA,NA,NA,NA,NA,NA,"Aedes albopictus (Skuse, 1894)",NA,NA,NA,NA,NA,NA,NA,"Animalia","Arthropoda","Insecta","Diptera",NA,"Culicidae",NA,NA,NA,"Aedes","Aedes",NA,NA,"albopictus",NA,NA,"SPECIES",NA,NA,NA,"ACCEPTED",NA,NA,"33614778-513a-4ec0-814d-125021cca5fe","GB","2025-02-02T16:31:26.064Z",NA,NA,NA,NA,NA,"GEODETIC_DATUM_ASSUMED_WGS84;CONTINENT_DERIVED_FROM_COORDINATES;OCCURRENCE_STATUS_UNPARSABLE",NA,"true","false",1651430,1651430,1,54,216,811,3346,7924646,NA,1651430,"Aedes albopictus","Aedes albopictus (Skuse, 1894)","Aedes albopictus",NA,"DWC_ARCHIVE","2025-02-02T16:31:26.064Z","2025-01-24T08:50:12.886Z","true",NA,NA,"false","NORTH_AMERICA","EUROPE","USA","United States","USA.14_1","Illinois","USA.14.13_1","Clay","","","NE",12.3889999389648,23.9913330078125,-0.301333338022232,1055,109,57,19.7867164611816,314,207,286,207,11.7446670532227,30.7098274230957,976.880981445312,31.3549995422363,-6.88899993896484,38.2439994812012,17.7194995880127,-0.301333338022232
1264852813,NA,NA,NA,"CC0_1_0",NA,NA,NA,NA,NA,NA,NA,NA,NA,NA,NA,NA,"MATERIAL_CITATION",NA,NA,NA,3415,NA,NA,NA,NA,NA,NA,NA,NA,NA,NA,NA,NA,NA,NA,NA,NA,NA,"PRESENT",NA,NA,NA,NA,NA,NA,NA,NA,NA,NA,NA,NA,NA,NA,NA,NA,NA,NA,NA,NA,NA,NA,1986,NA,NA,NA,1986,NA,NA,NA,NA,NA,NA,NA,NA,NA,NA,NA,NA,NA,"NORTH_AMERICA",NA,NA,NA,"US",NA,"United States of America",NA,NA,NA,NA,NA,NA,NA,NA,NA,NA,NA,NA,NA,NA,NA,NA,NA,NA,NA,NA,NA,NA,NA,NA,NA,NA,NA,NA,NA,NA,NA,NA,NA,NA,NA,NA,NA,NA,NA,NA,NA,NA,NA,NA,NA,NA,NA,NA,NA,NA,NA,NA,NA,NA,NA,NA,NA,NA,NA,"Aedes albopictus (Skuse, 1894)",NA,NA,NA,NA,NA,NA,NA,"Animalia","Arthropoda","Insecta","Diptera",NA,"Culicidae",NA,NA,NA,"Aedes","Aedes",NA,NA,"albopictus",NA,NA,"SPECIES",NA,NA,NA,"ACCEPTED",NA,NA,"33614778-513a-4ec0-814d-125021cca5fe","GB","2025-02-02T16:31:26.064Z",NA,NA,NA,NA,NA,"GEODETIC_DATUM_ASSUMED_WGS84;CONTINENT_DERIVED_FROM_COORDINATES;OCCURRENCE_STATUS_UNPARSABLE",NA,"true","false",1651430,1651430,1,54,216,811,3346,7924646,NA,1651430,"Aedes albopictus","Aedes albopictus (Skuse, 1894)","Aedes albopictus",NA,"DWC_ARCHIVE","2025-02-02T16:31:26.064Z","2025-01-24T08:50:12.886Z","true",NA,NA,"false","NORTH_AMERICA","EUROPE","USA","United States","USA.14_1","Illinois","USA.14.41_1","Jefferson","","","NE",12.8540420532227,24.3138332366943,0.381333380937576,1063,113,59,18.7119941711426,324,212,268,212,11.7105827331543,30.9435405731201,963.517944335938,31.548999786377,-6.2960000038147,37.8450012207031,12.7301664352417,0.381333380937576
1264852809,NA,NA,NA,"CC0_1_0",NA,NA,NA,NA,NA,NA,NA,NA,NA,NA,NA,NA,"MATERIAL_CITATION",NA,NA,NA,3340,NA,NA,NA,NA,NA,NA,NA,NA,NA,NA,NA,NA,NA,NA,NA,NA,NA,"PRESENT",NA,NA,NA,NA,NA,NA,NA,NA,NA,NA,NA,NA,NA,NA,NA,NA,NA,NA,NA,NA,NA,NA,1991,NA,NA,NA,1991,NA,NA,NA,NA,NA,NA,NA,NA,NA,NA,NA,NA,NA,"NORTH_AMERICA",NA,NA,NA,"US",NA,"United States of America",NA,NA,NA,NA,NA,NA,NA,NA,NA,NA,NA,NA,NA,NA,NA,NA,NA,NA,NA,NA,NA,NA,NA,NA,NA,NA,NA,NA,NA,NA,NA,NA,NA,NA,NA,NA,NA,NA,NA,NA,NA,NA,NA,NA,NA,NA,NA,NA,NA,NA,NA,NA,NA,NA,NA,NA,NA,NA,NA,"Aedes albopictus (Skuse, 1894)",NA,NA,NA,NA,NA,NA,NA,"Animalia","Arthropoda","Insecta","Diptera",NA,"Culicidae",NA,NA,NA,"Aedes","Aedes",NA,NA,"albopictus",NA,NA,"SPECIES",NA,NA,NA,"ACCEPTED",NA,NA,"33614778-513a-4ec0-814d-125021cca5fe","GB","2025-02-02T16:31:26.068Z",NA,NA,NA,NA,NA,"GEODETIC_DATUM_ASSUMED_WGS84;CONTINENT_DERIVED_FROM_COORDINATES;OCCURRENCE_STATUS_UNPARSABLE",NA,"true","false",1651430,1651430,1,54,216,811,3346,7924646,NA,1651430,"Aedes albopictus","Aedes albopictus (Skuse, 1894)","Aedes albopictus",NA,"DWC_ARCHIVE","2025-02-02T16:31:26.068Z","2025-01-24T08:50:12.886Z","true",NA,NA,"false","NORTH_AMERICA","EUROPE","USA","United States","USA.14_1","Illinois","USA.14.57_1","Macoupin","","","NE",11.7401247024536,23.5396671295166,-1.26666665077209,970,110,45,23.5219192504883,303,166,273,166,11.5402498245239,29.8128337860107,999.746276855469,30.734001159668,-7.97499990463257,38.7089996337891,17.2823333740234,-1.26666665077209
1264852799,NA,NA,NA,"CC0_1_0",NA,NA,NA,NA,NA,NA,NA,NA,NA,NA,NA,NA,"MATERIAL_CITATION",NA,NA,NA,3336,NA,NA,NA,NA,NA,NA,NA,NA,NA,NA,NA,NA,NA,NA,NA,NA,NA,"PRESENT",NA,NA,NA,NA,NA,NA,NA,NA,NA,NA,NA,NA,NA,NA,NA,NA,NA,NA,NA,NA,NA,NA,1997,NA,NA,NA,1997,NA,NA,NA,NA,NA,NA,NA,NA,NA,NA,NA,NA,NA,"NORTH_AMERICA",NA,NA,NA,"US",NA,"United States of America",NA,NA,NA,NA,NA,NA,NA,NA,NA,NA,NA,NA,NA,NA,NA,NA,NA,NA,NA,NA,NA,NA,NA,NA,NA,NA,NA,NA,NA,NA,NA,NA,NA,NA,NA,NA,NA,NA,NA,NA,NA,NA,NA,NA,NA,NA,NA,NA,NA,NA,NA,NA,NA,NA,NA,NA,NA,NA,NA,"Aedes albopictus (Skuse, 1894)",NA,NA,NA,NA,NA,NA,NA,"Animalia","Arthropoda","Insecta","Diptera",NA,"Culicidae",NA,NA,NA,"Aedes","Aedes",NA,NA,"albopictus",NA,NA,"SPECIES",NA,NA,NA,"ACCEPTED",NA,NA,"33614778-513a-4ec0-814d-125021cca5fe","GB","2025-02-02T16:31:25.972Z",NA,NA,NA,NA,NA,"GEODETIC_DATUM_ASSUMED_WGS84;CONTINENT_DERIVED_FROM_COORDINATES;OCCURRENCE_STATUS_UNPARSABLE",NA,"true","false",1651430,1651430,1,54,216,811,3346,7924646,NA,1651430,"Aedes albopictus","Aedes albopictus (Skuse, 1894)","Aedes albopictus",NA,"DWC_ARCHIVE","2025-02-02T16:31:25.972Z","2025-01-24T08:50:12.886Z","true",NA,NA,"false","NORTH_AMERICA","EUROPE","USA","United States","USA.14_1","Illinois","USA.14.73_1","Peoria","","","NE",10.19837474823,22.5576667785645,-3.51783323287964,935,102,37,29.5967292785645,303,135,289,135,11.4499168395996,28.4618473052979,1049.39294433594,29.8449993133545,-10.3839998245239,40.2290000915527,20.4383335113525,-3.51783323287964
1264852796,NA,NA,NA,"CC0_1_0",NA,NA,NA,NA,NA,NA,NA,NA,NA,NA,NA,NA,"MATERIAL_CITATION",NA,NA,NA,3339,NA,NA,NA,NA,NA,NA,NA,NA,NA,NA,NA,NA,NA,NA,NA,NA,NA,"PRESENT",NA,NA,NA,NA,NA,NA,NA,NA,NA,NA,NA,NA,NA,NA,NA,NA,NA,NA,NA,NA,NA,NA,2008,NA,NA,NA,2008,NA,NA,NA,NA,NA,NA,NA,NA,NA,NA,NA,NA,NA,"NORTH_AMERICA",NA,NA,NA,"US",NA,"United States of America",NA,NA,NA,NA,NA,NA,NA,NA,NA,NA,NA,NA,NA,NA,NA,NA,NA,NA,NA,NA,NA,NA,NA,NA,NA,NA,NA,NA,NA,NA,NA,NA,NA,NA,NA,NA,NA,NA,NA,NA,NA,NA,NA,NA,NA,NA,NA,NA,NA,NA,NA,NA,NA,NA,NA,NA,NA,NA,NA,"Aedes albopictus (Skuse, 1894)",NA,NA,NA,NA,NA,NA,NA,"Animalia","Arthropoda","Insecta","Diptera",NA,"Culicidae",NA,NA,NA,"Aedes","Aedes",NA,NA,"albopictus",NA,NA,"SPECIES",NA,NA,NA,"ACCEPTED",NA,NA,"33614778-513a-4ec0-814d-125021cca5fe","GB","2025-02-02T16:31:26.030Z",NA,NA,NA,NA,NA,"GEODETIC_DATUM_ASSUMED_WGS84;CONTINENT_DERIVED_FROM_COORDINATES;OCCURRENCE_STATUS_UNPARSABLE",NA,"true","false",1651430,1651430,1,54,216,811,3346,7924646,NA,1651430,"Aedes albopictus","Aedes albopictus (Skuse, 1894)","Aedes albopictus",NA,"DWC_ARCHIVE","2025-02-02T16:31:26.030Z","2025-01-24T08:50:12.886Z","true",NA,NA,"false","NORTH_AMERICA","EUROPE","USA","United States","USA.14_1","Illinois","USA.14.55_1","Logan","","","NE",11.1414585113525,23.3236656188965,-2.35600018501282,959,111,41,27.8267669677734,315,150,298,150,11.634916305542,29.3248233795166,1035.43713378906,30.5729999542236,-9.10300064086914,39.6760025024414,21.3468341827393,-2.35600018501282
1264852792,NA,NA,NA,"CC0_1_0",NA,NA,NA,NA,NA,NA,NA,NA,NA,NA,NA,NA,"MATERIAL_CITATION",NA,NA,NA,3344,NA,NA,NA,NA,NA,NA,NA,NA,NA,NA,NA,NA,NA,NA,NA,NA,NA,"PRESENT",NA,NA,NA,NA,NA,NA,NA,NA,NA,NA,NA,NA,NA,NA,NA,NA,NA,NA,NA,NA,NA,NA,2002,NA,NA,NA,2002,NA,NA,NA,NA,NA,NA,NA,NA,NA,NA,NA,NA,NA,"NORTH_AMERICA",NA,NA,NA,"US",NA,"United States of America",NA,NA,NA,NA,NA,NA,NA,NA,NA,NA,NA,NA,NA,NA,NA,NA,NA,NA,NA,NA,NA,NA,NA,NA,NA,NA,NA,NA,NA,NA,NA,NA,NA,NA,NA,NA,NA,NA,NA,NA,NA,NA,NA,NA,NA,NA,NA,NA,NA,NA,NA,NA,NA,NA,NA,NA,NA,NA,NA,"Aedes albopictus (Skuse, 1894)",NA,NA,NA,NA,NA,NA,NA,"Animalia","Arthropoda","Insecta","Diptera",NA,"Culicidae",NA,NA,NA,"Aedes","Aedes",NA,NA,"albopictus",NA,NA,"SPECIES",NA,NA,NA,"ACCEPTED",NA,NA,"33614778-513a-4ec0-814d-125021cca5fe","GB","2025-02-02T16:31:26.029Z",NA,NA,NA,NA,NA,"GEODETIC_DATUM_ASSUMED_WGS84;CONTINENT_DERIVED_FROM_COORDINATES;OCCURRENCE_STATUS_UNPARSABLE",NA,"true","false",1651430,1651430,1,54,216,811,3346,7924646,NA,1651430,"Aedes albopictus","Aedes albopictus (Skuse, 1894)","Aedes albopictus",NA,"DWC_ARCHIVE","2025-02-02T16:31:26.029Z","2025-01-24T08:50:12.886Z","true",NA,NA,"false","NORTH_AMERICA","EUROPE","USA","United States","USA.14_1","Illinois","USA.14.56_1","Macon","","","NE",11.5570831298828,23.6728324890137,-1.77416670322418,997,111,47,25.1494483947754,320,168,306,168,11.7039995193481,29.6168823242188,1026.03381347656,31.0860004425049,-8.43200016021729,39.5180015563965,21.6688327789307,-1.77416670322418
1264852767,NA,NA,NA,"CC0_1_0",NA,NA,NA,NA,NA,NA,NA,NA,NA,NA,NA,NA,"MATERIAL_CITATION",NA,NA,NA,3343,NA,NA,NA,NA,NA,NA,NA,NA,NA,NA,NA,NA,NA,NA,NA,NA,NA,"PRESENT",NA,NA,NA,NA,NA,NA,NA,NA,NA,NA,NA,NA,NA,NA,NA,NA,NA,NA,NA,NA,NA,NA,2001,NA,NA,NA,2001,NA,NA,NA,NA,NA,NA,NA,NA,NA,NA,NA,NA,NA,"NORTH_AMERICA",NA,NA,NA,"US",NA,"United States of America",NA,NA,NA,NA,NA,NA,NA,NA,NA,NA,NA,NA,NA,NA,NA,NA,NA,NA,NA,NA,NA,NA,NA,NA,NA,NA,NA,NA,NA,NA,NA,NA,NA,NA,NA,NA,NA,NA,NA,NA,NA,NA,NA,NA,NA,NA,NA,NA,NA,NA,NA,NA,NA,NA,NA,NA,NA,NA,NA,"Aedes albopictus (Skuse, 1894)",NA,NA,NA,NA,NA,NA,NA,"Animalia","Arthropoda","Insecta","Diptera",NA,"Culicidae",NA,NA,NA,"Aedes","Aedes",NA,NA,"albopictus",NA,NA,"SPECIES",NA,NA,NA,"ACCEPTED",NA,NA,"33614778-513a-4ec0-814d-125021cca5fe","GB","2025-02-02T16:31:26.041Z",NA,NA,NA,NA,NA,"GEODETIC_DATUM_ASSUMED_WGS84;CONTINENT_DERIVED_FROM_COORDINATES;OCCURRENCE_STATUS_UNPARSABLE",NA,"true","false",1651430,1651430,1,54,216,811,3346,7924646,NA,1651430,"Aedes albopictus","Aedes albopictus (Skuse, 1894)","Aedes albopictus",NA,"DWC_ARCHIVE","2025-02-02T16:31:26.041Z","2025-01-24T08:50:12.886Z","true",NA,NA,"false","NORTH_AMERICA","EUROPE","USA","United States","USA.14_1","Illinois","USA.14.85_1","Sangamon","","","NE",11.918041229248,24.1476669311523,-1.55583345890045,931,106,42,25.314151763916,296,153,278,153,11.5265827178955,29.06130027771,1033.45935058594,31.4219989776611,-8.24100017547607,39.6629981994629,17.666166305542,-1.55583345890045
1264852761,NA,NA,NA,"CC0_1_0",NA,NA,NA,NA,NA,NA,NA,NA,NA,NA,NA,NA,"MATERIAL_CITATION",NA,NA,NA,3347,NA,NA,NA,NA,NA,NA,NA,NA,NA,NA,NA,NA,NA,NA,NA,NA,NA,"PRESENT",NA,NA,NA,NA,NA,NA,NA,NA,NA,NA,NA,NA,NA,NA,NA,NA,NA,NA,NA,NA,NA,NA,1999,NA,NA,NA,1999,NA,NA,NA,NA,NA,NA,NA,NA,NA,NA,NA,NA,NA,"NORTH_AMERICA",NA,NA,NA,"US",NA,"United States of America",NA,NA,NA,NA,NA,NA,NA,NA,NA,NA,NA,NA,NA,NA,NA,NA,NA,NA,NA,NA,NA,NA,NA,NA,NA,NA,NA,NA,NA,NA,NA,NA,NA,NA,NA,NA,NA,NA,NA,NA,NA,NA,NA,NA,NA,NA,NA,NA,NA,NA,NA,NA,NA,NA,NA,NA,NA,NA,NA,"Aedes albopictus (Skuse, 1894)",NA,NA,NA,NA,NA,NA,NA,"Animalia","Arthropoda","Insecta","Diptera",NA,"Culicidae",NA,NA,NA,"Aedes","Aedes",NA,NA,"albopictus",NA,NA,"SPECIES",NA,NA,NA,"ACCEPTED",NA,NA,"33614778-513a-4ec0-814d-125021cca5fe","GB","2025-02-02T16:31:26.038Z",NA,NA,NA,NA,NA,"GEODETIC_DATUM_ASSUMED_WGS84;CONTINENT_DERIVED_FROM_COORDINATES;OCCURRENCE_STATUS_UNPARSABLE",NA,"true","false",1651430,1651430,1,54,216,811,3346,7924646,NA,1651430,"Aedes albopictus","Aedes albopictus (Skuse, 1894)","Aedes albopictus",NA,"DWC_ARCHIVE","2025-02-02T16:31:26.038Z","2025-01-24T08:50:12.886Z","true",NA,NA,"false","NORTH_AMERICA","EUROPE","USA","United States","USA.14_1","Illinois","USA.14.81_1","Richland","","","NE",12.5404577255249,24.1033325195312,-0.0689999237656593,1108,116,63,18.821985244751,332,218,293,218,11.6042499542236,30.6035404205322,972.823547363281,31.3219985961914,-6.5959997177124,37.9179992675781,12.4086666107178,-0.0689999237656593
1264852742,NA,NA,NA,"CC0_1_0",NA,NA,NA,NA,NA,NA,NA,NA,NA,NA,NA,NA,"MATERIAL_CITATION",NA,NA,NA,3327,NA,NA,NA,NA,NA,NA,NA,NA,NA,NA,NA,NA,NA,NA,NA,NA,NA,"PRESENT",NA,NA,NA,NA,NA,NA,NA,NA,NA,NA,NA,NA,NA,NA,NA,NA,NA,NA,NA,NA,NA,NA,1994,NA,NA,NA,1994,NA,NA,NA,NA,NA,NA,NA,NA,NA,NA,NA,NA,NA,"NORTH_AMERICA",NA,NA,NA,"US",NA,"United States of America",NA,NA,NA,NA,NA,NA,NA,NA,NA,NA,NA,NA,NA,NA,NA,NA,NA,NA,NA,NA,NA,NA,NA,NA,NA,NA,NA,NA,NA,NA,NA,NA,NA,NA,NA,NA,NA,NA,NA,NA,NA,NA,NA,NA,NA,NA,NA,NA,NA,NA,NA,NA,NA,NA,NA,NA,NA,NA,NA,"Aedes albopictus (Skuse, 1894)",NA,NA,NA,NA,NA,NA,NA,"Animalia","Arthropoda","Insecta","Diptera",NA,"Culicidae",NA,NA,NA,"Aedes","Aedes",NA,NA,"albopictus",NA,NA,"SPECIES",NA,NA,NA,"ACCEPTED",NA,NA,"33614778-513a-4ec0-814d-125021cca5fe","GB","2025-02-02T16:31:25.995Z",NA,NA,NA,NA,NA,"GEODETIC_DATUM_ASSUMED_WGS84;CONTINENT_DERIVED_FROM_COORDINATES;OCCURRENCE_STATUS_UNPARSABLE",NA,"true","false",1651430,1651430,1,54,216,811,3346,7924646,NA,1651430,"Aedes albopictus","Aedes albopictus (Skuse, 1894)","Aedes albopictus",NA,"DWC_ARCHIVE","2025-02-02T16:31:25.995Z","2025-01-24T08:50:12.886Z","true",NA,NA,"false","NORTH_AMERICA","EUROPE","USA","United States","USA.14_1","Illinois","USA.14.40_1","Jasper","","","NE",12.0185832977295,23.6570014953613,-0.722833275794983,1053,107,57,19.3922176361084,314,202,295,202,11.268500328064,29.6883239746094,981.117736816406,30.7430000305176,-7.21299982070923,37.9560012817383,21.630500793457,-0.722833275794983
1264852737,NA,NA,NA,"CC0_1_0",NA,NA,NA,NA,NA,NA,NA,NA,NA,NA,NA,NA,"MATERIAL_CITATION",NA,NA,NA,3346,NA,NA,NA,NA,NA,NA,NA,NA,NA,NA,NA,NA,NA,NA,NA,NA,NA,"PRESENT",NA,NA,NA,NA,NA,NA,NA,NA,NA,NA,NA,NA,NA,NA,NA,NA,NA,NA,NA,NA,NA,NA,2004,NA,NA,NA,2004,NA,NA,NA,NA,NA,NA,NA,NA,NA,NA,NA,NA,NA,"NORTH_AMERICA",NA,NA,NA,"US",NA,"United States of America",NA,NA,NA,NA,NA,NA,NA,NA,NA,NA,NA,NA,NA,NA,NA,NA,NA,NA,NA,NA,NA,NA,NA,NA,NA,NA,NA,NA,NA,NA,NA,NA,NA,NA,NA,NA,NA,NA,NA,NA,NA,NA,NA,NA,NA,NA,NA,NA,NA,NA,NA,NA,NA,NA,NA,NA,NA,NA,NA,"Aedes albopictus (Skuse, 1894)",NA,NA,NA,NA,NA,NA,NA,"Animalia","Arthropoda","Insecta","Diptera",NA,"Culicidae",NA,NA,NA,"Aedes","Aedes",NA,NA,"albopictus",NA,NA,"SPECIES",NA,NA,NA,"ACCEPTED",NA,NA,"33614778-513a-4ec0-814d-125021cca5fe","GB","2025-02-02T16:31:25.993Z",NA,NA,NA,NA,NA,"GEODETIC_DATUM_ASSUMED_WGS84;CONTINENT_DERIVED_FROM_COORDINATES;OCCURRENCE_STATUS_UNPARSABLE",NA,"true","false",1651430,1651430,1,54,216,811,3346,7924646,NA,1651430,"Aedes albopictus","Aedes albopictus (Skuse, 1894)","Aedes albopictus",NA,"DWC_ARCHIVE","2025-02-02T16:31:25.993Z","2025-01-24T08:50:12.886Z","true",NA,NA,"false","NORTH_AMERICA","EUROPE","USA","United States","USA.14_1","Illinois","USA.14.1_1","Adams","","","NE",11.2220420837402,23.5185012817383,-2.2739999294281,990,116,34,33.3164329528809,327,132,302,132,11.03125,28.0579147338867,1037.13061523438,30.5209999084473,-8.79500007629395,39.3160018920898,21.4423332214355,-2.2739999294281
1264852734,NA,NA,NA,"CC0_1_0",NA,NA,NA,NA,NA,NA,NA,NA,NA,NA,NA,NA,"MATERIAL_CITATION",NA,NA,NA,3320,NA,NA,NA,NA,NA,NA,NA,NA,NA,NA,NA,NA,NA,NA,NA,NA,NA,"PRESENT",NA,NA,NA,NA,NA,NA,NA,NA,NA,NA,NA,NA,NA,NA,NA,NA,NA,NA,NA,NA,NA,NA,1988,NA,NA,NA,1988,NA,NA,NA,NA,NA,NA,NA,NA,NA,NA,NA,NA,NA,"NORTH_AMERICA",NA,NA,NA,"US",NA,"United States of America",NA,NA,NA,NA,NA,NA,NA,NA,NA,NA,NA,NA,NA,NA,NA,NA,NA,NA,NA,NA,NA,NA,NA,NA,NA,NA,NA,NA,NA,NA,NA,NA,NA,NA,NA,NA,NA,NA,NA,NA,NA,NA,NA,NA,NA,NA,NA,NA,NA,NA,NA,NA,NA,NA,NA,NA,NA,NA,NA,"Aedes albopictus (Skuse, 1894)",NA,NA,NA,NA,NA,NA,NA,"Animalia","Arthropoda","Insecta","Diptera",NA,"Culicidae",NA,NA,NA,"Aedes","Aedes",NA,NA,"albopictus",NA,NA,"SPECIES",NA,NA,NA,"ACCEPTED",NA,NA,"33614778-513a-4ec0-814d-125021cca5fe","GB","2025-02-02T16:31:25.993Z",NA,NA,NA,NA,NA,"GEODETIC_DATUM_ASSUMED_WGS84;CONTINENT_DERIVED_FROM_COORDINATES;OCCURRENCE_STATUS_UNPARSABLE",NA,"true","false",1651430,1651430,1,54,216,811,3346,7924646,NA,1651430,"Aedes albopictus","Aedes albopictus (Skuse, 1894)","Aedes albopictus",NA,"DWC_ARCHIVE","2025-02-02T16:31:25.993Z","2025-01-24T08:50:12.886Z","true",NA,NA,"false","NORTH_AMERICA","EUROPE","USA","United States","USA.14_1","Illinois","USA.14.58_1","Madison","","","NE",12.3734588623047,24.09716796875,-0.421333342790604,973,104,50,19.7089385986328,295,182,271,182,11.3539161682129,29.6818904876709,986.955810546875,31.128999710083,-7.1230001449585,38.2519989013672,17.7908325195312,-0.421333342790604
1264852729,NA,NA,NA,"CC0_1_0",NA,NA,NA,NA,NA,NA,NA,NA,NA,NA,NA,NA,"MATERIAL_CITATION",NA,NA,NA,3325,NA,NA,NA,NA,NA,NA,NA,NA,NA,NA,NA,NA,NA,NA,NA,NA,NA,"PRESENT",NA,NA,NA,NA,NA,NA,NA,NA,NA,NA,NA,NA,NA,NA,NA,NA,NA,NA,NA,NA,NA,NA,1987,NA,NA,NA,1987,NA,NA,NA,NA,NA,NA,NA,NA,NA,NA,NA,NA,NA,"NORTH_AMERICA",NA,NA,NA,"US",NA,"United States of America",NA,NA,NA,NA,NA,NA,NA,NA,NA,NA,NA,NA,NA,NA,NA,NA,NA,NA,NA,NA,NA,NA,NA,NA,NA,NA,NA,NA,NA,NA,NA,NA,NA,NA,NA,NA,NA,NA,NA,NA,NA,NA,NA,NA,NA,NA,NA,NA,NA,NA,NA,NA,NA,NA,NA,NA,NA,NA,NA,"Aedes albopictus (Skuse, 1894)",NA,NA,NA,NA,NA,NA,NA,"Animalia","Arthropoda","Insecta","Diptera",NA,"Culicidae",NA,NA,NA,"Aedes","Aedes",NA,NA,"albopictus",NA,NA,"SPECIES",NA,NA,NA,"ACCEPTED",NA,NA,"33614778-513a-4ec0-814d-125021cca5fe","GB","2025-02-02T16:31:26.006Z",NA,NA,NA,NA,NA,"GEODETIC_DATUM_ASSUMED_WGS84;CONTINENT_DERIVED_FROM_COORDINATES;OCCURRENCE_STATUS_UNPARSABLE",NA,"true","false",1651430,1651430,1,54,216,811,3346,7924646,NA,1651430,"Aedes albopictus","Aedes albopictus (Skuse, 1894)","Aedes albopictus",NA,"DWC_ARCHIVE","2025-02-02T16:31:26.006Z","2025-01-24T08:50:12.886Z","true",NA,NA,"false","NORTH_AMERICA","EUROPE","USA","United States","USA.14_1","Illinois","USA.14.16_1","Cook","","","NE",10.1984167098999,22.6025009155273,-3.13816666603088,942,104,40,27.0500087738037,300,149,300,149,10.5428333282471,27.0564937591553,1036.93176269531,29.5340003967285,-9.43200016021729,38.9659996032715,22.6025009155273,-3.13816666603088
1264852712,NA,NA,NA,"CC0_1_0",NA,NA,NA,NA,NA,NA,NA,NA,NA,NA,NA,NA,"MATERIAL_CITATION",NA,NA,NA,3324,NA,NA,NA,NA,NA,NA,NA,NA,NA,NA,NA,NA,NA,NA,NA,NA,NA,"PRESENT",NA,NA,NA,NA,NA,NA,NA,NA,NA,NA,NA,NA,NA,NA,NA,NA,NA,NA,NA,NA,NA,NA,1990,NA,NA,NA,1990,NA,NA,NA,NA,NA,NA,NA,NA,NA,NA,NA,NA,NA,"NORTH_AMERICA",NA,NA,NA,"US",NA,"United States of America",NA,NA,NA,NA,NA,NA,NA,NA,NA,NA,NA,NA,NA,NA,NA,NA,NA,NA,NA,NA,NA,NA,NA,NA,NA,NA,NA,NA,NA,NA,NA,NA,NA,NA,NA,NA,NA,NA,NA,NA,NA,NA,NA,NA,NA,NA,NA,NA,NA,NA,NA,NA,NA,NA,NA,NA,NA,NA,NA,"Aedes albopictus (Skuse, 1894)",NA,NA,NA,NA,NA,NA,NA,"Animalia","Arthropoda","Insecta","Diptera",NA,"Culicidae",NA,NA,NA,"Aedes","Aedes",NA,NA,"albopictus",NA,NA,"SPECIES",NA,NA,NA,"ACCEPTED",NA,NA,"33614778-513a-4ec0-814d-125021cca5fe","GB","2025-02-02T16:31:26.003Z",NA,NA,NA,NA,NA,"GEODETIC_DATUM_ASSUMED_WGS84;CONTINENT_DERIVED_FROM_COORDINATES;OCCURRENCE_STATUS_UNPARSABLE",NA,"true","false",1651430,1651430,1,54,216,811,3346,7924646,NA,1651430,"Aedes albopictus","Aedes albopictus (Skuse, 1894)","Aedes albopictus",NA,"DWC_ARCHIVE","2025-02-02T16:31:26.003Z","2025-01-24T08:50:12.886Z","true",NA,NA,"false","NORTH_AMERICA","EUROPE","USA","United States","USA.14_1","Illinois","USA.14.78_1","Pulaski","","","NE",13.8459167480469,24.844165802002,1.9779999256134,1212,128,79,15.9404544830322,368,262,287,279,11.5570001602173,31.6690883636475,921.494262695312,31.7999992370605,-4.69299983978271,36.4930000305176,13.6455001831055,20.3554992675781
