"decimalLongitude","decimalLatitude","gbifID","accessRights","bibliographicCitation","language","license","modified","publisher","references","rightsHolder","type","institutionID","collectionID","datasetID","institutionCode","collectionCode","datasetName","ownerInstitutionCode","basisOfRecord","informationWithheld","dataGeneralizations","dynamicProperties","occurrenceID","catalogNumber","recordNumber","recordedBy","recordedByID","individualCount","organismQuantity","organismQuantityType","sex","lifeStage","reproductiveCondition","caste","behavior","vitality","establishmentMeans","degreeOfEstablishment","pathway","georeferenceVerificationStatus","occurrenceStatus","preparations","disposition","associatedOccurrences","associatedReferences","associatedSequences","associatedTaxa","otherCatalogNumbers","occurrenceRemarks","organismID","organismName","organismScope","associatedOrganisms","previousIdentifications","organismRemarks","materialEntityID","materialEntityRemarks","verbatimLabel","materialSampleID","eventID","parentEventID","eventType","fieldNumber","eventDate","eventTime","startDayOfYear","endDayOfYear","year","month","day","verbatimEventDate","habitat","samplingProtocol","sampleSizeValue","sampleSizeUnit","samplingEffort","fieldNotes","eventRemarks","locationID","higherGeographyID","higherGeography","continent","waterBody","islandGroup","island","countryCode","stateProvince","county","municipality","locality","verbatimLocality","verbatimElevation","verticalDatum","verbatimDepth","minimumDistanceAboveSurfaceInMeters","maximumDistanceAboveSurfaceInMeters","locationAccordingTo","locationRemarks","coordinateUncertaintyInMeters","coordinatePrecision","pointRadiusSpatialFit","verbatimCoordinateSystem","verbatimSRS","footprintWKT","footprintSRS","footprintSpatialFit","georeferencedBy","georeferencedDate","georeferenceProtocol","georeferenceSources","georeferenceRemarks","geologicalContextID","earliestEonOrLowestEonothem","latestEonOrHighestEonothem","earliestEraOrLowestErathem","latestEraOrHighestErathem","earliestPeriodOrLowestSystem","latestPeriodOrHighestSystem","earliestEpochOrLowestSeries","latestEpochOrHighestSeries","earliestAgeOrLowestStage","latestAgeOrHighestStage","lowestBiostratigraphicZone","highestBiostratigraphicZone","lithostratigraphicTerms","group","formation","member","bed","identificationID","verbatimIdentification","identificationQualifier","typeStatus","identifiedBy","identifiedByID","dateIdentified","identificationReferences","identificationVerificationStatus","identificationRemarks","taxonID","scientificNameID","acceptedNameUsageID","parentNameUsageID","originalNameUsageID","nameAccordingToID","namePublishedInID","taxonConceptID","scientificName","acceptedNameUsage","parentNameUsage","originalNameUsage","nameAccordingTo","namePublishedIn","namePublishedInYear","higherClassification","kingdom","phylum","class","order","superfamily","family","subfamily","tribe","subtribe","genus","genericName","subgenus","infragenericEpithet","specificEpithet","infraspecificEpithet","cultivarEpithet","taxonRank","verbatimTaxonRank","vernacularName","nomenclaturalCode","taxonomicStatus","nomenclaturalStatus","taxonRemarks","datasetKey","publishingCountry","lastInterpreted","elevation","elevationAccuracy","depth","depthAccuracy","distanceFromCentroidInMeters","issue","mediaType","hasCoordinate","hasGeospatialIssues","taxonKey","acceptedTaxonKey","kingdomKey","phylumKey","classKey","orderKey","familyKey","genusKey","subgenusKey","speciesKey","species","acceptedScientificName","verbatimScientificName","typifiedName","protocol","lastParsed","lastCrawled","repatriated","relativeOrganismQuantity","projectId","isSequenced","gbifRegion","publishedByGbifRegion","level0Gid","level0Name","level1Gid","level1Name","level2Gid","level2Name","level3Gid","level3Name","iucnRedListCategory"
-89.2,40.07,1264870769,NA,NA,NA,"CC0_1_0",NA,NA,NA,NA,NA,NA,NA,NA,NA,NA,NA,NA,"MATERIAL_CITATION",NA,NA,NA,21301,NA,NA,NA,NA,NA,NA,NA,NA,NA,NA,NA,NA,NA,NA,NA,NA,NA,"PRESENT",NA,NA,NA,NA,NA,NA,NA,NA,NA,NA,NA,NA,NA,NA,NA,NA,NA,NA,NA,NA,NA,NA,2000,NA,NA,NA,2000,NA,NA,NA,NA,NA,NA,NA,NA,NA,NA,NA,NA,NA,"NORTH_AMERICA",NA,NA,NA,"US",NA,"United States of America",NA,NA,NA,NA,NA,NA,NA,NA,NA,NA,NA,NA,NA,NA,NA,NA,NA,NA,NA,NA,NA,NA,NA,NA,NA,NA,NA,NA,NA,NA,NA,NA,NA,NA,NA,NA,NA,NA,NA,NA,NA,NA,NA,NA,NA,NA,NA,NA,NA,NA,NA,NA,NA,NA,NA,NA,NA,NA,NA,"Aedes albopictus (Skuse, 1894)",NA,NA,NA,NA,NA,NA,NA,"Animalia","Arthropoda","Insecta","Diptera",NA,"Culicidae",NA,NA,NA,"Aedes","Aedes",NA,NA,"albopictus",NA,NA,"SPECIES",NA,NA,NA,"ACCEPTED",NA,NA,"33614778-513a-4ec0-814d-125021cca5fe","GB","2025-02-02T16:31:24.329Z",NA,NA,NA,NA,NA,"GEODETIC_DATUM_ASSUMED_WGS84;CONTINENT_DERIVED_FROM_COORDINATES;OCCURRENCE_STATUS_UNPARSABLE",NA,"true","false",1651430,1651430,1,54,216,811,3346,7924646,NA,1651430,"Aedes albopictus","Aedes albopictus (Skuse, 1894)","Aedes albopictus",NA,"DWC_ARCHIVE","2025-02-02T16:31:24.329Z","2025-01-24T08:50:12.886Z","true",NA,NA,"false","NORTH_AMERICA","EUROPE","USA","United States","USA.14_1","Illinois","USA.14.55_1","Logan","","","NE"
-90.16,38.62,1264870690,NA,NA,NA,"CC0_1_0",NA,NA,NA,NA,NA,NA,NA,NA,NA,NA,NA,NA,"MATERIAL_CITATION",NA,NA,NA,21239,NA,NA,NA,NA,NA,NA,NA,NA,NA,NA,NA,NA,NA,NA,NA,NA,NA,"PRESENT",NA,NA,NA,NA,NA,NA,NA,NA,NA,NA,NA,NA,NA,NA,NA,NA,NA,NA,NA,NA,NA,NA,NA,NA,NA,NA,NA,NA,NA,NA,NA,NA,NA,NA,NA,NA,NA,NA,NA,NA,"NORTH_AMERICA",NA,NA,NA,"US",NA,"United States of America",NA,NA,NA,NA,NA,NA,NA,NA,NA,NA,NA,NA,NA,NA,NA,NA,NA,NA,NA,NA,NA,NA,NA,NA,NA,NA,NA,NA,NA,NA,NA,NA,NA,NA,NA,NA,NA,NA,NA,NA,NA,NA,NA,NA,NA,NA,NA,NA,NA,NA,NA,NA,NA,NA,NA,NA,NA,NA,NA,"Aedes albopictus (Skuse, 1894)",NA,NA,NA,NA,NA,NA,NA,"Animalia","Arthropoda","Insecta","Diptera",NA,"Culicidae",NA,NA,NA,"Aedes","Aedes",NA,NA,"albopictus",NA,NA,"SPECIES",NA,NA,NA,"ACCEPTED",NA,NA,"33614778-513a-4ec0-814d-125021cca5fe","GB","2025-02-02T16:31:24.365Z",NA,NA,NA,NA,NA,"GEODETIC_DATUM_ASSUMED_WGS84;CONTINENT_DERIVED_FROM_COORDINATES;RECORDED_DATE_INVALID;OCCURRENCE_STATUS_UNPARSABLE",NA,"true","false",1651430,1651430,1,54,216,811,3346,7924646,NA,1651430,"Aedes albopictus","Aedes albopictus (Skuse, 1894)","Aedes albopictus",NA,"DWC_ARCHIVE","2025-02-02T16:31:24.365Z","2025-01-24T08:50:12.886Z","true",NA,NA,"false","NORTH_AMERICA","EUROPE","USA","United States","USA.14_1","Illinois","USA.14.83_1","Saint Clair","","","NE"
-89.63,40.69,1264870398,NA,NA,NA,"CC0_1_0",NA,NA,NA,NA,NA,NA,NA,NA,NA,NA,NA,NA,"MATERIAL_CITATION",NA,NA,NA,20988,NA,NA,NA,NA,NA,NA,NA,NA,NA,NA,NA,NA,NA,NA,NA,NA,NA,"PRESENT",NA,NA,NA,NA,NA,NA,NA,NA,NA,NA,NA,NA,NA,NA,NA,NA,NA,NA,NA,NA,NA,NA,1998,NA,NA,NA,1998,NA,NA,NA,NA,NA,NA,NA,NA,NA,NA,NA,NA,NA,"NORTH_AMERICA",NA,NA,NA,"US",NA,"United States of America",NA,NA,NA,NA,NA,NA,NA,NA,NA,NA,NA,NA,NA,NA,NA,NA,NA,NA,NA,NA,NA,NA,NA,NA,NA,NA,NA,NA,NA,NA,NA,NA,NA,NA,NA,NA,NA,NA,NA,NA,NA,NA,NA,NA,NA,NA,NA,NA,NA,NA,NA,NA,NA,NA,NA,NA,NA,NA,NA,"Aedes albopictus (Skuse, 1894)",NA,NA,NA,NA,NA,NA,NA,"Animalia","Arthropoda","Insecta","Diptera",NA,"Culicidae",NA,NA,NA,"Aedes","Aedes",NA,NA,"albopictus",NA,NA,"SPECIES",NA,NA,NA,"ACCEPTED",NA,NA,"33614778-513a-4ec0-814d-125021cca5fe","GB","2025-02-02T16:31:23.931Z",NA,NA,NA,NA,NA,"GEODETIC_DATUM_ASSUMED_WGS84;CONTINENT_DERIVED_FROM_COORDINATES;OCCURRENCE_STATUS_UNPARSABLE",NA,"true","false",1651430,1651430,1,54,216,811,3346,7924646,NA,1651430,"Aedes albopictus","Aedes albopictus (Skuse, 1894)","Aedes albopictus",NA,"DWC_ARCHIVE","2025-02-02T16:31:23.931Z","2025-01-24T08:50:12.886Z","true",NA,NA,"false","NORTH_AMERICA","EUROPE","USA","United States","USA.14_1","Illinois","USA.14.73_1","Peoria","","","NE"
-89.82,39.13,1264870368,NA,NA,NA,"CC0_1_0",NA,NA,NA,NA,NA,NA,NA,NA,NA,NA,NA,NA,"MATERIAL_CITATION",NA,NA,NA,20934,NA,NA,NA,NA,NA,NA,NA,NA,NA,NA,NA,NA,NA,NA,NA,NA,NA,"PRESENT",NA,NA,NA,NA,NA,NA,NA,NA,NA,NA,NA,NA,NA,NA,NA,NA,NA,NA,NA,NA,NA,NA,1991,NA,NA,NA,1991,NA,NA,NA,NA,NA,NA,NA,NA,NA,NA,NA,NA,NA,"NORTH_AMERICA",NA,NA,NA,"US",NA,"United States of America",NA,NA,NA,NA,NA,NA,NA,NA,NA,NA,NA,NA,NA,NA,NA,NA,NA,NA,NA,NA,NA,NA,NA,NA,NA,NA,NA,NA,NA,NA,NA,NA,NA,NA,NA,NA,NA,NA,NA,NA,NA,NA,NA,NA,NA,NA,NA,NA,NA,NA,NA,NA,NA,NA,NA,NA,NA,NA,NA,"Aedes albopictus (Skuse, 1894)",NA,NA,NA,NA,NA,NA,NA,"Animalia","Arthropoda","Insecta","Diptera",NA,"Culicidae",NA,NA,NA,"Aedes","Aedes",NA,NA,"albopictus",NA,NA,"SPECIES",NA,NA,NA,"ACCEPTED",NA,NA,"33614778-513a-4ec0-814d-125021cca5fe","GB","2025-02-02T16:31:23.908Z",NA,NA,NA,NA,NA,"GEODETIC_DATUM_ASSUMED_WGS84;CONTINENT_DERIVED_FROM_COORDINATES;OCCURRENCE_STATUS_UNPARSABLE",NA,"true","false",1651430,1651430,1,54,216,811,3346,7924646,NA,1651430,"Aedes albopictus","Aedes albopictus (Skuse, 1894)","Aedes albopictus",NA,"DWC_ARCHIVE","2025-02-02T16:31:23.908Z","2025-01-24T08:50:12.886Z","true",NA,NA,"false","NORTH_AMERICA","EUROPE","USA","United States","USA.14_1","Illinois","USA.14.57_1","Macoupin","","","NE"
-88.15,38.87,1264870366,NA,NA,NA,"CC0_1_0",NA,NA,NA,NA,NA,NA,NA,NA,NA,NA,NA,NA,"MATERIAL_CITATION",NA,NA,NA,20960,NA,NA,NA,NA,NA,NA,NA,NA,NA,NA,NA,NA,NA,NA,NA,NA,NA,"PRESENT",NA,NA,NA,NA,NA,NA,NA,NA,NA,NA,NA,NA,NA,NA,NA,NA,NA,NA,NA,NA,NA,NA,1995,NA,NA,NA,1995,NA,NA,NA,NA,NA,NA,NA,NA,NA,NA,NA,NA,NA,"NORTH_AMERICA",NA,NA,NA,"US",NA,"United States of America",NA,NA,NA,NA,NA,NA,NA,NA,NA,NA,NA,NA,NA,NA,NA,NA,NA,NA,NA,NA,NA,NA,NA,NA,NA,NA,NA,NA,NA,NA,NA,NA,NA,NA,NA,NA,NA,NA,NA,NA,NA,NA,NA,NA,NA,NA,NA,NA,NA,NA,NA,NA,NA,NA,NA,NA,NA,NA,NA,"Aedes albopictus (Skuse, 1894)",NA,NA,NA,NA,NA,NA,NA,"Animalia","Arthropoda","Insecta","Diptera",NA,"Culicidae",NA,NA,NA,"Aedes","Aedes",NA,NA,"albopictus",NA,NA,"SPECIES",NA,NA,NA,"ACCEPTED",NA,NA,"33614778-513a-4ec0-814d-125021cca5fe","GB","2025-02-02T16:31:23.907Z",NA,NA,NA,NA,NA,"GEODETIC_DATUM_ASSUMED_WGS84;CONTINENT_DERIVED_FROM_COORDINATES;OCCURRENCE_STATUS_UNPARSABLE",NA,"true","false",1651430,1651430,1,54,216,811,3346,7924646,NA,1651430,"Aedes albopictus","Aedes albopictus (Skuse, 1894)","Aedes albopictus",NA,"DWC_ARCHIVE","2025-02-02T16:31:23.907Z","2025-01-24T08:50:12.886Z","true",NA,NA,"false","NORTH_AMERICA","EUROPE","USA","United States","USA.14_1","Illinois","USA.14.40_1","Jasper","","","NE"
-87.62,41.88,1264870355,NA,NA,NA,"CC0_1_0",NA,NA,NA,NA,NA,NA,NA,NA,NA,NA,NA,NA,"MATERIAL_CITATION",NA,NA,NA,20947,NA,NA,NA,NA,NA,NA,NA,NA,NA,NA,NA,NA,NA,NA,NA,NA,NA,"PRESENT",NA,NA,NA,NA,NA,NA,NA,NA,NA,NA,NA,NA,NA,NA,NA,NA,NA,NA,NA,NA,NA,NA,1987,NA,NA,NA,1987,NA,NA,NA,NA,NA,NA,NA,NA,NA,NA,NA,NA,NA,"NORTH_AMERICA",NA,NA,NA,"US",NA,"United States of America",NA,NA,NA,NA,NA,NA,NA,NA,NA,NA,NA,NA,NA,NA,NA,NA,NA,NA,NA,NA,NA,NA,NA,NA,NA,NA,NA,NA,NA,NA,NA,NA,NA,NA,NA,NA,NA,NA,NA,NA,NA,NA,NA,NA,NA,NA,NA,NA,NA,NA,NA,NA,NA,NA,NA,NA,NA,NA,NA,"Aedes albopictus (Skuse, 1894)",NA,NA,NA,NA,NA,NA,NA,"Animalia","Arthropoda","Insecta","Diptera",NA,"Culicidae",NA,NA,NA,"Aedes","Aedes",NA,NA,"albopictus",NA,NA,"SPECIES",NA,NA,NA,"ACCEPTED",NA,NA,"33614778-513a-4ec0-814d-125021cca5fe","GB","2025-02-02T16:31:23.895Z",NA,NA,NA,NA,NA,"GEODETIC_DATUM_ASSUMED_WGS84;CONTINENT_DERIVED_FROM_COORDINATES;OCCURRENCE_STATUS_UNPARSABLE",NA,"true","false",1651430,1651430,1,54,216,811,3346,7924646,NA,1651430,"Aedes albopictus","Aedes albopictus (Skuse, 1894)","Aedes albopictus",NA,"DWC_ARCHIVE","2025-02-02T16:31:23.895Z","2025-01-24T08:50:12.886Z","true",NA,NA,"false","NORTH_AMERICA","EUROPE","USA","United States","USA.14_1","Illinois","USA.14.16_1","Cook","","","NE"
-89.2,37.11,1264870341,NA,NA,NA,"CC0_1_0",NA,NA,NA,NA,NA,NA,NA,NA,NA,NA,NA,NA,"MATERIAL_CITATION",NA,NA,NA,20931,NA,NA,NA,NA,NA,NA,NA,NA,NA,NA,NA,NA,NA,NA,NA,NA,NA,"PRESENT",NA,NA,NA,NA,NA,NA,NA,NA,NA,NA,NA,NA,NA,NA,NA,NA,NA,NA,NA,NA,NA,NA,1991,NA,NA,NA,1991,NA,NA,NA,NA,NA,NA,NA,NA,NA,NA,NA,NA,NA,"NORTH_AMERICA",NA,NA,NA,"US",NA,"United States of America",NA,NA,NA,NA,NA,NA,NA,NA,NA,NA,NA,NA,NA,NA,NA,NA,NA,NA,NA,NA,NA,NA,NA,NA,NA,NA,NA,NA,NA,NA,NA,NA,NA,NA,NA,NA,NA,NA,NA,NA,NA,NA,NA,NA,NA,NA,NA,NA,NA,NA,NA,NA,NA,NA,NA,NA,NA,NA,NA,"Aedes albopictus (Skuse, 1894)",NA,NA,NA,NA,NA,NA,NA,"Animalia","Arthropoda","Insecta","Diptera",NA,"Culicidae",NA,NA,NA,"Aedes","Aedes",NA,NA,"albopictus",NA,NA,"SPECIES",NA,NA,NA,"ACCEPTED",NA,NA,"33614778-513a-4ec0-814d-125021cca5fe","GB","2025-02-02T16:31:23.911Z",NA,NA,NA,NA,NA,"GEODETIC_DATUM_ASSUMED_WGS84;CONTINENT_DERIVED_FROM_COORDINATES;OCCURRENCE_STATUS_UNPARSABLE",NA,"true","false",1651430,1651430,1,54,216,811,3346,7924646,NA,1651430,"Aedes albopictus","Aedes albopictus (Skuse, 1894)","Aedes albopictus",NA,"DWC_ARCHIVE","2025-02-02T16:31:23.911Z","2025-01-24T08:50:12.886Z","true",NA,NA,"false","NORTH_AMERICA","EUROPE","USA","United States","USA.14_1","Illinois","USA.14.78_1","Pulaski","","","NE"
-88.2,40.11,1264870294,NA,NA,NA,"CC0_1_0",NA,NA,NA,NA,NA,NA,NA,NA,NA,NA,NA,NA,"MATERIAL_CITATION",NA,NA,NA,20878,NA,NA,NA,NA,NA,NA,NA,NA,NA,NA,NA,NA,NA,NA,NA,NA,NA,"PRESENT",NA,NA,NA,NA,NA,NA,NA,NA,NA,NA,NA,NA,NA,NA,NA,NA,NA,NA,NA,NA,NA,NA,NA,NA,NA,NA,NA,NA,NA,NA,NA,NA,NA,NA,NA,NA,NA,NA,NA,NA,"NORTH_AMERICA",NA,NA,NA,"US",NA,"United States of America",NA,NA,NA,NA,NA,NA,NA,NA,NA,NA,NA,NA,NA,NA,NA,NA,NA,NA,NA,NA,NA,NA,NA,NA,NA,NA,NA,NA,NA,NA,NA,NA,NA,NA,NA,NA,NA,NA,NA,NA,NA,NA,NA,NA,NA,NA,NA,NA,NA,NA,NA,NA,NA,NA,NA,NA,NA,NA,NA,"Aedes albopictus (Skuse, 1894)",NA,NA,NA,NA,NA,NA,NA,"Animalia","Arthropoda","Insecta","Diptera",NA,"Culicidae",NA,NA,NA,"Aedes","Aedes",NA,NA,"albopictus",NA,NA,"SPECIES",NA,NA,NA,"ACCEPTED",NA,NA,"33614778-513a-4ec0-814d-125021cca5fe","GB","2025-02-02T16:31:23.776Z",NA,NA,NA,NA,NA,"GEODETIC_DATUM_ASSUMED_WGS84;CONTINENT_DERIVED_FROM_COORDINATES;RECORDED_DATE_INVALID;OCCURRENCE_STATUS_UNPARSABLE",NA,"true","false",1651430,1651430,1,54,216,811,3346,7924646,NA,1651430,"Aedes albopictus","Aedes albopictus (Skuse, 1894)","Aedes albopictus",NA,"DWC_ARCHIVE","2025-02-02T16:31:23.776Z","2025-01-24T08:50:12.886Z","true",NA,NA,"false","NORTH_AMERICA","EUROPE","USA","United States","USA.14_1","Illinois","USA.14.10_1","Champaign","","","NE"
-89.93,38.4,1264869879,NA,NA,NA,"CC0_1_0",NA,NA,NA,NA,NA,NA,NA,NA,NA,NA,NA,NA,"MATERIAL_CITATION",NA,NA,NA,20474,NA,NA,NA,NA,NA,NA,NA,NA,NA,NA,NA,NA,NA,NA,NA,NA,NA,"PRESENT",NA,NA,NA,NA,NA,NA,NA,NA,NA,NA,NA,NA,NA,NA,NA,NA,NA,NA,NA,NA,NA,NA,1988,NA,NA,NA,1988,NA,NA,NA,NA,NA,NA,NA,NA,NA,NA,NA,NA,NA,"NORTH_AMERICA",NA,NA,NA,"US",NA,"United States of America",NA,NA,NA,NA,NA,NA,NA,NA,NA,NA,NA,NA,NA,NA,NA,NA,NA,NA,NA,NA,NA,NA,NA,NA,NA,NA,NA,NA,NA,NA,NA,NA,NA,NA,NA,NA,NA,NA,NA,NA,NA,NA,NA,NA,NA,NA,NA,NA,NA,NA,NA,NA,NA,NA,NA,NA,NA,NA,NA,"Aedes albopictus (Skuse, 1894)",NA,NA,NA,NA,NA,NA,NA,"Animalia","Arthropoda","Insecta","Diptera",NA,"Culicidae",NA,NA,NA,"Aedes","Aedes",NA,NA,"albopictus",NA,NA,"SPECIES",NA,NA,NA,"ACCEPTED",NA,NA,"33614778-513a-4ec0-814d-125021cca5fe","GB","2025-02-02T16:31:24.507Z",NA,NA,NA,NA,NA,"GEODETIC_DATUM_ASSUMED_WGS84;CONTINENT_DERIVED_FROM_COORDINATES;OCCURRENCE_STATUS_UNPARSABLE",NA,"true","false",1651430,1651430,1,54,216,811,3346,7924646,NA,1651430,"Aedes albopictus","Aedes albopictus (Skuse, 1894)","Aedes albopictus",NA,"DWC_ARCHIVE","2025-02-02T16:31:24.507Z","2025-01-24T08:50:12.886Z","true",NA,NA,"false","NORTH_AMERICA","EUROPE","USA","United States","USA.14_1","Illinois","USA.14.83_1","Saint Clair","","","NE"
-89.85,38.54,1264869872,NA,NA,NA,"CC0_1_0",NA,NA,NA,NA,NA,NA,NA,NA,NA,NA,NA,NA,"MATERIAL_CITATION",NA,NA,NA,20460,NA,NA,NA,NA,NA,NA,NA,NA,NA,NA,NA,NA,NA,NA,NA,NA,NA,"PRESENT",NA,NA,NA,NA,NA,NA,NA,NA,NA,NA,NA,NA,NA,NA,NA,NA,NA,NA,NA,NA,NA,NA,1988,NA,NA,NA,1988,NA,NA,NA,NA,NA,NA,NA,NA,NA,NA,NA,NA,NA,"NORTH_AMERICA",NA,NA,NA,"US",NA,"United States of America",NA,NA,NA,NA,NA,NA,NA,NA,NA,NA,NA,NA,NA,NA,NA,NA,NA,NA,NA,NA,NA,NA,NA,NA,NA,NA,NA,NA,NA,NA,NA,NA,NA,NA,NA,NA,NA,NA,NA,NA,NA,NA,NA,NA,NA,NA,NA,NA,NA,NA,NA,NA,NA,NA,NA,NA,NA,NA,NA,"Aedes albopictus (Skuse, 1894)",NA,NA,NA,NA,NA,NA,NA,"Animalia","Arthropoda","Insecta","Diptera",NA,"Culicidae",NA,NA,NA,"Aedes","Aedes",NA,NA,"albopictus",NA,NA,"SPECIES",NA,NA,NA,"ACCEPTED",NA,NA,"33614778-513a-4ec0-814d-125021cca5fe","GB","2025-02-02T16:31:24.502Z",NA,NA,NA,NA,NA,"GEODETIC_DATUM_ASSUMED_WGS84;CONTINENT_DERIVED_FROM_COORDINATES;OCCURRENCE_STATUS_UNPARSABLE",NA,"true","false",1651430,1651430,1,54,216,811,3346,7924646,NA,1651430,"Aedes albopictus","Aedes albopictus (Skuse, 1894)","Aedes albopictus",NA,"DWC_ARCHIVE","2025-02-02T16:31:24.502Z","2025-01-24T08:50:12.886Z","true",NA,NA,"false","NORTH_AMERICA","EUROPE","USA","United States","USA.14_1","Illinois","USA.14.83_1","Saint Clair","","","NE"
-88.59,39.06,1264853842,NA,NA,NA,"CC0_1_0",NA,NA,NA,NA,NA,NA,NA,NA,NA,NA,NA,NA,"MATERIAL_CITATION",NA,NA,NA,4428,NA,NA,NA,NA,NA,NA,NA,NA,NA,NA,NA,NA,NA,NA,NA,NA,NA,"PRESENT",NA,NA,NA,NA,NA,NA,NA,NA,NA,NA,NA,NA,NA,NA,NA,NA,NA,NA,NA,NA,NA,NA,2006,NA,NA,NA,2006,NA,NA,NA,NA,NA,NA,NA,NA,NA,NA,NA,NA,NA,"NORTH_AMERICA",NA,NA,NA,"US",NA,"United States of America",NA,NA,NA,NA,NA,NA,NA,NA,NA,NA,NA,NA,NA,NA,NA,NA,NA,NA,NA,NA,NA,NA,NA,NA,NA,NA,NA,NA,NA,NA,NA,NA,NA,NA,NA,NA,NA,NA,NA,NA,NA,NA,NA,NA,NA,NA,NA,NA,NA,NA,NA,NA,NA,NA,NA,NA,NA,NA,NA,"Aedes albopictus (Skuse, 1894)",NA,NA,NA,NA,NA,NA,NA,"Animalia","Arthropoda","Insecta","Diptera",NA,"Culicidae",NA,NA,NA,"Aedes","Aedes",NA,NA,"albopictus",NA,NA,"SPECIES",NA,NA,NA,"ACCEPTED",NA,NA,"33614778-513a-4ec0-814d-125021cca5fe","GB","2025-02-02T16:31:25.818Z",NA,NA,NA,NA,NA,"GEODETIC_DATUM_ASSUMED_WGS84;CONTINENT_DERIVED_FROM_COORDINATES;OCCURRENCE_STATUS_UNPARSABLE",NA,"true","false",1651430,1651430,1,54,216,811,3346,7924646,NA,1651430,"Aedes albopictus","Aedes albopictus (Skuse, 1894)","Aedes albopictus",NA,"DWC_ARCHIVE","2025-02-02T16:31:25.818Z","2025-01-24T08:50:12.886Z","true",NA,NA,"false","NORTH_AMERICA","EUROPE","USA","United States","USA.14_1","Illinois","USA.14.25_1","Effingham","","","NE"
-89.03,39,1264853823,NA,NA,NA,"CC0_1_0",NA,NA,NA,NA,NA,NA,NA,NA,NA,NA,NA,NA,"MATERIAL_CITATION",NA,NA,NA,4427,NA,NA,NA,NA,NA,NA,NA,NA,NA,NA,NA,NA,NA,NA,NA,NA,NA,"PRESENT",NA,NA,NA,NA,NA,NA,NA,NA,NA,NA,NA,NA,NA,NA,NA,NA,NA,NA,NA,NA,NA,NA,2006,NA,NA,NA,2006,NA,NA,NA,NA,NA,NA,NA,NA,NA,NA,NA,NA,NA,"NORTH_AMERICA",NA,NA,NA,"US",NA,"United States of America",NA,NA,NA,NA,NA,NA,NA,NA,NA,NA,NA,NA,NA,NA,NA,NA,NA,NA,NA,NA,NA,NA,NA,NA,NA,NA,NA,NA,NA,NA,NA,NA,NA,NA,NA,NA,NA,NA,NA,NA,NA,NA,NA,NA,NA,NA,NA,NA,NA,NA,NA,NA,NA,NA,NA,NA,NA,NA,NA,"Aedes albopictus (Skuse, 1894)",NA,NA,NA,NA,NA,NA,NA,"Animalia","Arthropoda","Insecta","Diptera",NA,"Culicidae",NA,NA,NA,"Aedes","Aedes",NA,NA,"albopictus",NA,NA,"SPECIES",NA,NA,NA,"ACCEPTED",NA,NA,"33614778-513a-4ec0-814d-125021cca5fe","GB","2025-02-02T16:31:25.811Z",NA,NA,NA,NA,NA,"GEODETIC_DATUM_ASSUMED_WGS84;CONTINENT_DERIVED_FROM_COORDINATES;OCCURRENCE_STATUS_UNPARSABLE",NA,"true","false",1651430,1651430,1,54,216,811,3346,7924646,NA,1651430,"Aedes albopictus","Aedes albopictus (Skuse, 1894)","Aedes albopictus",NA,"DWC_ARCHIVE","2025-02-02T16:31:25.811Z","2025-01-24T08:50:12.886Z","true",NA,NA,"false","NORTH_AMERICA","EUROPE","USA","United States","USA.14_1","Illinois","USA.14.26_1","Fayette","","","NE"
-88.18,38.09,1264853731,NA,NA,NA,"CC0_1_0",NA,NA,NA,NA,NA,NA,NA,NA,NA,NA,NA,NA,"MATERIAL_CITATION",NA,NA,NA,4297,NA,NA,NA,NA,NA,NA,NA,NA,NA,NA,NA,NA,NA,NA,NA,NA,NA,"PRESENT",NA,NA,NA,NA,NA,NA,NA,NA,NA,NA,NA,NA,NA,NA,NA,NA,NA,NA,NA,NA,NA,NA,2000,NA,NA,NA,2000,NA,NA,NA,NA,NA,NA,NA,NA,NA,NA,NA,NA,NA,"NORTH_AMERICA",NA,NA,NA,"US",NA,"United States of America",NA,NA,NA,NA,NA,NA,NA,NA,NA,NA,NA,NA,NA,NA,NA,NA,NA,NA,NA,NA,NA,NA,NA,NA,NA,NA,NA,NA,NA,NA,NA,NA,NA,NA,NA,NA,NA,NA,NA,NA,NA,NA,NA,NA,NA,NA,NA,NA,NA,NA,NA,NA,NA,NA,NA,NA,NA,NA,NA,"Aedes albopictus (Skuse, 1894)",NA,NA,NA,NA,NA,NA,NA,"Animalia","Arthropoda","Insecta","Diptera",NA,"Culicidae",NA,NA,NA,"Aedes","Aedes",NA,NA,"albopictus",NA,NA,"SPECIES",NA,NA,NA,"ACCEPTED",NA,NA,"33614778-513a-4ec0-814d-125021cca5fe","GB","2025-02-02T16:31:25.766Z",NA,NA,NA,NA,NA,"GEODETIC_DATUM_ASSUMED_WGS84;CONTINENT_DERIVED_FROM_COORDINATES;OCCURRENCE_STATUS_UNPARSABLE",NA,"true","false",1651430,1651430,1,54,216,811,3346,7924646,NA,1651430,"Aedes albopictus","Aedes albopictus (Skuse, 1894)","Aedes albopictus",NA,"DWC_ARCHIVE","2025-02-02T16:31:25.766Z","2025-01-24T08:50:12.886Z","true",NA,NA,"false","NORTH_AMERICA","EUROPE","USA","United States","USA.14_1","Illinois","USA.14.98_1","White","","","NE"
-88.56,37.42,1264853727,NA,NA,NA,"CC0_1_0",NA,NA,NA,NA,NA,NA,NA,NA,NA,NA,NA,NA,"MATERIAL_CITATION",NA,NA,NA,4292,NA,NA,NA,NA,NA,NA,NA,NA,NA,NA,NA,NA,NA,NA,NA,NA,NA,"PRESENT",NA,NA,NA,NA,NA,NA,NA,NA,NA,NA,NA,NA,NA,NA,NA,NA,NA,NA,NA,NA,NA,NA,2000,NA,NA,NA,2000,NA,NA,NA,NA,NA,NA,NA,NA,NA,NA,NA,NA,NA,"NORTH_AMERICA",NA,NA,NA,"US",NA,"United States of America",NA,NA,NA,NA,NA,NA,NA,NA,NA,NA,NA,NA,NA,NA,NA,NA,NA,NA,NA,NA,NA,NA,NA,NA,NA,NA,NA,NA,NA,NA,NA,NA,NA,NA,NA,NA,NA,NA,NA,NA,NA,NA,NA,NA,NA,NA,NA,NA,NA,NA,NA,NA,NA,NA,NA,NA,NA,NA,NA,"Aedes albopictus (Skuse, 1894)",NA,NA,NA,NA,NA,NA,NA,"Animalia","Arthropoda","Insecta","Diptera",NA,"Culicidae",NA,NA,NA,"Aedes","Aedes",NA,NA,"albopictus",NA,NA,"SPECIES",NA,NA,NA,"ACCEPTED",NA,NA,"33614778-513a-4ec0-814d-125021cca5fe","GB","2025-02-02T16:31:25.763Z",NA,NA,NA,NA,NA,"GEODETIC_DATUM_ASSUMED_WGS84;CONTINENT_DERIVED_FROM_COORDINATES;OCCURRENCE_STATUS_UNPARSABLE",NA,"true","false",1651430,1651430,1,54,216,811,3346,7924646,NA,1651430,"Aedes albopictus","Aedes albopictus (Skuse, 1894)","Aedes albopictus",NA,"DWC_ARCHIVE","2025-02-02T16:31:25.763Z","2025-01-24T08:50:12.886Z","true",NA,NA,"false","NORTH_AMERICA","EUROPE","USA","United States","USA.14_1","Illinois","USA.14.77_1","Pope","","","NE"
-89.37,38.08,1264853721,NA,NA,NA,"CC0_1_0",NA,NA,NA,NA,NA,NA,NA,NA,NA,NA,NA,NA,"MATERIAL_CITATION",NA,NA,NA,4295,NA,NA,NA,NA,NA,NA,NA,NA,NA,NA,NA,NA,NA,NA,NA,NA,NA,"PRESENT",NA,NA,NA,NA,NA,NA,NA,NA,NA,NA,NA,NA,NA,NA,NA,NA,NA,NA,NA,NA,NA,NA,2000,NA,NA,NA,2000,NA,NA,NA,NA,NA,NA,NA,NA,NA,NA,NA,NA,NA,"NORTH_AMERICA",NA,NA,NA,"US",NA,"United States of America",NA,NA,NA,NA,NA,NA,NA,NA,NA,NA,NA,NA,NA,NA,NA,NA,NA,NA,NA,NA,NA,NA,NA,NA,NA,NA,NA,NA,NA,NA,NA,NA,NA,NA,NA,NA,NA,NA,NA,NA,NA,NA,NA,NA,NA,NA,NA,NA,NA,NA,NA,NA,NA,NA,NA,NA,NA,NA,NA,"Aedes albopictus (Skuse, 1894)",NA,NA,NA,NA,NA,NA,NA,"Animalia","Arthropoda","Insecta","Diptera",NA,"Culicidae",NA,NA,NA,"Aedes","Aedes",NA,NA,"albopictus",NA,NA,"SPECIES",NA,NA,NA,"ACCEPTED",NA,NA,"33614778-513a-4ec0-814d-125021cca5fe","GB","2025-02-02T16:31:25.740Z",NA,NA,NA,NA,NA,"GEODETIC_DATUM_ASSUMED_WGS84;CONTINENT_DERIVED_FROM_COORDINATES;OCCURRENCE_STATUS_UNPARSABLE",NA,"true","false",1651430,1651430,1,54,216,811,3346,7924646,NA,1651430,"Aedes albopictus","Aedes albopictus (Skuse, 1894)","Aedes albopictus",NA,"DWC_ARCHIVE","2025-02-02T16:31:25.740Z","2025-01-24T08:50:12.886Z","true",NA,NA,"false","NORTH_AMERICA","EUROPE","USA","United States","USA.14_1","Illinois","USA.14.74_1","Perry","","","NE"
-88.54,37.76,1264853711,NA,NA,NA,"CC0_1_0",NA,NA,NA,NA,NA,NA,NA,NA,NA,NA,NA,NA,"MATERIAL_CITATION",NA,NA,NA,4294,NA,NA,NA,NA,NA,NA,NA,NA,NA,NA,NA,NA,NA,NA,NA,NA,NA,"PRESENT",NA,NA,NA,NA,NA,NA,NA,NA,NA,NA,NA,NA,NA,NA,NA,NA,NA,NA,NA,NA,NA,NA,2000,NA,NA,NA,2000,NA,NA,NA,NA,NA,NA,NA,NA,NA,NA,NA,NA,NA,"NORTH_AMERICA",NA,NA,NA,"US",NA,"United States of America",NA,NA,NA,NA,NA,NA,NA,NA,NA,NA,NA,NA,NA,NA,NA,NA,NA,NA,NA,NA,NA,NA,NA,NA,NA,NA,NA,NA,NA,NA,NA,NA,NA,NA,NA,NA,NA,NA,NA,NA,NA,NA,NA,NA,NA,NA,NA,NA,NA,NA,NA,NA,NA,NA,NA,NA,NA,NA,NA,"Aedes albopictus (Skuse, 1894)",NA,NA,NA,NA,NA,NA,NA,"Animalia","Arthropoda","Insecta","Diptera",NA,"Culicidae",NA,NA,NA,"Aedes","Aedes",NA,NA,"albopictus",NA,NA,"SPECIES",NA,NA,NA,"ACCEPTED",NA,NA,"33614778-513a-4ec0-814d-125021cca5fe","GB","2025-02-02T16:31:25.738Z",NA,NA,NA,NA,NA,"GEODETIC_DATUM_ASSUMED_WGS84;CONTINENT_DERIVED_FROM_COORDINATES;OCCURRENCE_STATUS_UNPARSABLE",NA,"true","false",1651430,1651430,1,54,216,811,3346,7924646,NA,1651430,"Aedes albopictus","Aedes albopictus (Skuse, 1894)","Aedes albopictus",NA,"DWC_ARCHIVE","2025-02-02T16:31:25.738Z","2025-01-24T08:50:12.886Z","true",NA,NA,"false","NORTH_AMERICA","EUROPE","USA","United States","USA.14_1","Illinois","USA.14.84_1","Saline","","","NE"
-88.89,37.47,1264853677,NA,NA,NA,"CC0_1_0",NA,NA,NA,NA,NA,NA,NA,NA,NA,NA,NA,NA,"MATERIAL_CITATION",NA,NA,NA,4256,NA,NA,NA,NA,NA,NA,NA,NA,NA,NA,NA,NA,NA,NA,NA,NA,NA,"PRESENT",NA,NA,NA,NA,NA,NA,NA,NA,NA,NA,NA,NA,NA,NA,NA,NA,NA,NA,NA,NA,NA,NA,1998,NA,NA,NA,1998,NA,NA,NA,NA,NA,NA,NA,NA,NA,NA,NA,NA,NA,"NORTH_AMERICA",NA,NA,NA,"US",NA,"United States of America",NA,NA,NA,NA,NA,NA,NA,NA,NA,NA,NA,NA,NA,NA,NA,NA,NA,NA,NA,NA,NA,NA,NA,NA,NA,NA,NA,NA,NA,NA,NA,NA,NA,NA,NA,NA,NA,NA,NA,NA,NA,NA,NA,NA,NA,NA,NA,NA,NA,NA,NA,NA,NA,NA,NA,NA,NA,NA,NA,"Aedes albopictus (Skuse, 1894)",NA,NA,NA,NA,NA,NA,NA,"Animalia","Arthropoda","Insecta","Diptera",NA,"Culicidae",NA,NA,NA,"Aedes","Aedes",NA,NA,"albopictus",NA,NA,"SPECIES",NA,NA,NA,"ACCEPTED",NA,NA,"33614778-513a-4ec0-814d-125021cca5fe","GB","2025-02-02T16:31:25.579Z",NA,NA,NA,NA,NA,"GEODETIC_DATUM_ASSUMED_WGS84;CONTINENT_DERIVED_FROM_COORDINATES;OCCURRENCE_STATUS_UNPARSABLE",NA,"true","false",1651430,1651430,1,54,216,811,3346,7924646,NA,1651430,"Aedes albopictus","Aedes albopictus (Skuse, 1894)","Aedes albopictus",NA,"DWC_ARCHIVE","2025-02-02T16:31:25.579Z","2025-01-24T08:50:12.886Z","true",NA,NA,"false","NORTH_AMERICA","EUROPE","USA","United States","USA.14_1","Illinois","USA.14.44_1","Johnson","","","NE"
-88.54,38.09,1264853673,NA,NA,NA,"CC0_1_0",NA,NA,NA,NA,NA,NA,NA,NA,NA,NA,NA,NA,"MATERIAL_CITATION",NA,NA,NA,4296,NA,NA,NA,NA,NA,NA,NA,NA,NA,NA,NA,NA,NA,NA,NA,NA,NA,"PRESENT",NA,NA,NA,NA,NA,NA,NA,NA,NA,NA,NA,NA,NA,NA,NA,NA,NA,NA,NA,NA,NA,NA,2000,NA,NA,NA,2000,NA,NA,NA,NA,NA,NA,NA,NA,NA,NA,NA,NA,NA,"NORTH_AMERICA",NA,NA,NA,"US",NA,"United States of America",NA,NA,NA,NA,NA,NA,NA,NA,NA,NA,NA,NA,NA,NA,NA,NA,NA,NA,NA,NA,NA,NA,NA,NA,NA,NA,NA,NA,NA,NA,NA,NA,NA,NA,NA,NA,NA,NA,NA,NA,NA,NA,NA,NA,NA,NA,NA,NA,NA,NA,NA,NA,NA,NA,NA,NA,NA,NA,NA,"Aedes albopictus (Skuse, 1894)",NA,NA,NA,NA,NA,NA,NA,"Animalia","Arthropoda","Insecta","Diptera",NA,"Culicidae",NA,NA,NA,"Aedes","Aedes",NA,NA,"albopictus",NA,NA,"SPECIES",NA,NA,NA,"ACCEPTED",NA,NA,"33614778-513a-4ec0-814d-125021cca5fe","GB","2025-02-02T16:31:25.577Z",NA,NA,NA,NA,NA,"GEODETIC_DATUM_ASSUMED_WGS84;CONTINENT_DERIVED_FROM_COORDINATES;OCCURRENCE_STATUS_UNPARSABLE",NA,"true","false",1651430,1651430,1,54,216,811,3346,7924646,NA,1651430,"Aedes albopictus","Aedes albopictus (Skuse, 1894)","Aedes albopictus",NA,"DWC_ARCHIVE","2025-02-02T16:31:25.577Z","2025-01-24T08:50:12.886Z","true",NA,NA,"false","NORTH_AMERICA","EUROPE","USA","United States","USA.14_1","Illinois","USA.14.33_1","Hamilton","","","NE"
-88.23,37.77,1264853669,NA,NA,NA,"CC0_1_0",NA,NA,NA,NA,NA,NA,NA,NA,NA,NA,NA,NA,"MATERIAL_CITATION",NA,NA,NA,4275,NA,NA,NA,NA,NA,NA,NA,NA,NA,NA,NA,NA,NA,NA,NA,NA,NA,"PRESENT",NA,NA,NA,NA,NA,NA,NA,NA,NA,NA,NA,NA,NA,NA,NA,NA,NA,NA,NA,NA,NA,NA,1999,NA,NA,NA,1999,NA,NA,NA,NA,NA,NA,NA,NA,NA,NA,NA,NA,NA,"NORTH_AMERICA",NA,NA,NA,"US",NA,"United States of America",NA,NA,NA,NA,NA,NA,NA,NA,NA,NA,NA,NA,NA,NA,NA,NA,NA,NA,NA,NA,NA,NA,NA,NA,NA,NA,NA,NA,NA,NA,NA,NA,NA,NA,NA,NA,NA,NA,NA,NA,NA,NA,NA,NA,NA,NA,NA,NA,NA,NA,NA,NA,NA,NA,NA,NA,NA,NA,NA,"Aedes albopictus (Skuse, 1894)",NA,NA,NA,NA,NA,NA,NA,"Animalia","Arthropoda","Insecta","Diptera",NA,"Culicidae",NA,NA,NA,"Aedes","Aedes",NA,NA,"albopictus",NA,NA,"SPECIES",NA,NA,NA,"ACCEPTED",NA,NA,"33614778-513a-4ec0-814d-125021cca5fe","GB","2025-02-02T16:31:25.567Z",NA,NA,NA,NA,NA,"GEODETIC_DATUM_ASSUMED_WGS84;CONTINENT_DERIVED_FROM_COORDINATES;OCCURRENCE_STATUS_UNPARSABLE",NA,"true","false",1651430,1651430,1,54,216,811,3346,7924646,NA,1651430,"Aedes albopictus","Aedes albopictus (Skuse, 1894)","Aedes albopictus",NA,"DWC_ARCHIVE","2025-02-02T16:31:25.567Z","2025-01-24T08:50:12.886Z","true",NA,NA,"false","NORTH_AMERICA","EUROPE","USA","United States","USA.14_1","Illinois","USA.14.30_1","Gallatin","","","NE"
-88.71,37.22,1264853443,NA,NA,NA,"CC0_1_0",NA,NA,NA,NA,NA,NA,NA,NA,NA,NA,NA,NA,"MATERIAL_CITATION",NA,NA,NA,4036,NA,NA,NA,NA,NA,NA,NA,NA,NA,NA,NA,NA,NA,NA,NA,NA,NA,"PRESENT",NA,NA,NA,NA,NA,NA,NA,NA,NA,NA,NA,NA,NA,NA,NA,NA,NA,NA,NA,NA,NA,NA,1996,NA,NA,NA,1996,NA,NA,NA,NA,NA,NA,NA,NA,NA,NA,NA,NA,NA,"NORTH_AMERICA",NA,NA,NA,"US",NA,"United States of America",NA,NA,NA,NA,NA,NA,NA,NA,NA,NA,NA,NA,NA,NA,NA,NA,NA,NA,NA,NA,NA,NA,NA,NA,NA,NA,NA,NA,NA,NA,NA,NA,NA,NA,NA,NA,NA,NA,NA,NA,NA,NA,NA,NA,NA,NA,NA,NA,NA,NA,NA,NA,NA,NA,NA,NA,NA,NA,NA,"Aedes albopictus (Skuse, 1894)",NA,NA,NA,NA,NA,NA,NA,"Animalia","Arthropoda","Insecta","Diptera",NA,"Culicidae",NA,NA,NA,"Aedes","Aedes",NA,NA,"albopictus",NA,NA,"SPECIES",NA,NA,NA,"ACCEPTED",NA,NA,"33614778-513a-4ec0-814d-125021cca5fe","GB","2025-02-02T16:31:25.405Z",NA,NA,NA,NA,NA,"GEODETIC_DATUM_ASSUMED_WGS84;CONTINENT_DERIVED_FROM_COORDINATES;OCCURRENCE_STATUS_UNPARSABLE",NA,"true","false",1651430,1651430,1,54,216,811,3346,7924646,NA,1651430,"Aedes albopictus","Aedes albopictus (Skuse, 1894)","Aedes albopictus",NA,"DWC_ARCHIVE","2025-02-02T16:31:25.405Z","2025-01-24T08:50:12.886Z","true",NA,NA,"false","NORTH_AMERICA","EUROPE","USA","United States","USA.14_1","Illinois","USA.14.62_1","Massac","","","NE"
-89.83,38.05,1264853329,NA,NA,NA,"CC0_1_0",NA,NA,NA,NA,NA,NA,NA,NA,NA,NA,NA,NA,"MATERIAL_CITATION",NA,NA,NA,3900,NA,NA,NA,NA,NA,NA,NA,NA,NA,NA,NA,NA,NA,NA,NA,NA,NA,"PRESENT",NA,NA,NA,NA,NA,NA,NA,NA,NA,NA,NA,NA,NA,NA,NA,NA,NA,NA,NA,NA,NA,NA,1993,NA,NA,NA,1993,NA,NA,NA,NA,NA,NA,NA,NA,NA,NA,NA,NA,NA,"NORTH_AMERICA",NA,NA,NA,"US",NA,"United States of America",NA,NA,NA,NA,NA,NA,NA,NA,NA,NA,NA,NA,NA,NA,NA,NA,NA,NA,NA,NA,NA,NA,NA,NA,NA,NA,NA,NA,NA,NA,NA,NA,NA,NA,NA,NA,NA,NA,NA,NA,NA,NA,NA,NA,NA,NA,NA,NA,NA,NA,NA,NA,NA,NA,NA,NA,NA,NA,NA,"Aedes albopictus (Skuse, 1894)",NA,NA,NA,NA,NA,NA,NA,"Animalia","Arthropoda","Insecta","Diptera",NA,"Culicidae",NA,NA,NA,"Aedes","Aedes",NA,NA,"albopictus",NA,NA,"SPECIES",NA,NA,NA,"ACCEPTED",NA,NA,"33614778-513a-4ec0-814d-125021cca5fe","GB","2025-02-02T16:31:25.337Z",NA,NA,NA,NA,NA,"GEODETIC_DATUM_ASSUMED_WGS84;CONTINENT_DERIVED_FROM_COORDINATES;OCCURRENCE_STATUS_UNPARSABLE",NA,"true","false",1651430,1651430,1,54,216,811,3346,7924646,NA,1651430,"Aedes albopictus","Aedes albopictus (Skuse, 1894)","Aedes albopictus",NA,"DWC_ARCHIVE","2025-02-02T16:31:25.337Z","2025-01-24T08:50:12.886Z","true",NA,NA,"false","NORTH_AMERICA","EUROPE","USA","United States","USA.14_1","Illinois","USA.14.80_1","Randolph","","","NE"
-89.39,37.79,1264853318,NA,NA,NA,"CC0_1_0",NA,NA,NA,NA,NA,NA,NA,NA,NA,NA,NA,NA,"MATERIAL_CITATION",NA,NA,NA,3897,NA,NA,NA,NA,NA,NA,NA,NA,NA,NA,NA,NA,NA,NA,NA,NA,NA,"PRESENT",NA,NA,NA,NA,NA,NA,NA,NA,NA,NA,NA,NA,NA,NA,NA,NA,NA,NA,NA,NA,NA,NA,1993,NA,NA,NA,1993,NA,NA,NA,NA,NA,NA,NA,NA,NA,NA,NA,NA,NA,"NORTH_AMERICA",NA,NA,NA,"US",NA,"United States of America",NA,NA,NA,NA,NA,NA,NA,NA,NA,NA,NA,NA,NA,NA,NA,NA,NA,NA,NA,NA,NA,NA,NA,NA,NA,NA,NA,NA,NA,NA,NA,NA,NA,NA,NA,NA,NA,NA,NA,NA,NA,NA,NA,NA,NA,NA,NA,NA,NA,NA,NA,NA,NA,NA,NA,NA,NA,NA,NA,"Aedes albopictus (Skuse, 1894)",NA,NA,NA,NA,NA,NA,NA,"Animalia","Arthropoda","Insecta","Diptera",NA,"Culicidae",NA,NA,NA,"Aedes","Aedes",NA,NA,"albopictus",NA,NA,"SPECIES",NA,NA,NA,"ACCEPTED",NA,NA,"33614778-513a-4ec0-814d-125021cca5fe","GB","2025-02-02T16:31:25.296Z",NA,NA,NA,NA,NA,"GEODETIC_DATUM_ASSUMED_WGS84;CONTINENT_DERIVED_FROM_COORDINATES;OCCURRENCE_STATUS_UNPARSABLE",NA,"true","false",1651430,1651430,1,54,216,811,3346,7924646,NA,1651430,"Aedes albopictus","Aedes albopictus (Skuse, 1894)","Aedes albopictus",NA,"DWC_ARCHIVE","2025-02-02T16:31:25.296Z","2025-01-24T08:50:12.886Z","true",NA,NA,"false","NORTH_AMERICA","EUROPE","USA","United States","USA.14_1","Illinois","USA.14.39_1","Jackson","","","NE"
-89.26,37.48,1264853298,NA,NA,NA,"CC0_1_0",NA,NA,NA,NA,NA,NA,NA,NA,NA,NA,NA,NA,"MATERIAL_CITATION",NA,NA,NA,3892,NA,NA,NA,NA,NA,NA,NA,NA,NA,NA,NA,NA,NA,NA,NA,NA,NA,"PRESENT",NA,NA,NA,NA,NA,NA,NA,NA,NA,NA,NA,NA,NA,NA,NA,NA,NA,NA,NA,NA,NA,NA,1993,NA,NA,NA,1993,NA,NA,NA,NA,NA,NA,NA,NA,NA,NA,NA,NA,NA,"NORTH_AMERICA",NA,NA,NA,"US",NA,"United States of America",NA,NA,NA,NA,NA,NA,NA,NA,NA,NA,NA,NA,NA,NA,NA,NA,NA,NA,NA,NA,NA,NA,NA,NA,NA,NA,NA,NA,NA,NA,NA,NA,NA,NA,NA,NA,NA,NA,NA,NA,NA,NA,NA,NA,NA,NA,NA,NA,NA,NA,NA,NA,NA,NA,NA,NA,NA,NA,NA,"Aedes albopictus (Skuse, 1894)",NA,NA,NA,NA,NA,NA,NA,"Animalia","Arthropoda","Insecta","Diptera",NA,"Culicidae",NA,NA,NA,"Aedes","Aedes",NA,NA,"albopictus",NA,NA,"SPECIES",NA,NA,NA,"ACCEPTED",NA,NA,"33614778-513a-4ec0-814d-125021cca5fe","GB","2025-02-02T16:31:25.280Z",NA,NA,NA,NA,NA,"GEODETIC_DATUM_ASSUMED_WGS84;CONTINENT_DERIVED_FROM_COORDINATES;OCCURRENCE_STATUS_UNPARSABLE",NA,"true","false",1651430,1651430,1,54,216,811,3346,7924646,NA,1651430,"Aedes albopictus","Aedes albopictus (Skuse, 1894)","Aedes albopictus",NA,"DWC_ARCHIVE","2025-02-02T16:31:25.280Z","2025-01-24T08:50:12.886Z","true",NA,NA,"false","NORTH_AMERICA","EUROPE","USA","United States","USA.14_1","Illinois","USA.14.92_1","Union","","","NE"
-89.34,37.19,1264853296,NA,NA,NA,"CC0_1_0",NA,NA,NA,NA,NA,NA,NA,NA,NA,NA,NA,NA,"MATERIAL_CITATION",NA,NA,NA,3889,NA,NA,NA,NA,NA,NA,NA,NA,NA,NA,NA,NA,NA,NA,NA,NA,NA,"PRESENT",NA,NA,NA,NA,NA,NA,NA,NA,NA,NA,NA,NA,NA,NA,NA,NA,NA,NA,NA,NA,NA,NA,1993,NA,NA,NA,1993,NA,NA,NA,NA,NA,NA,NA,NA,NA,NA,NA,NA,NA,"NORTH_AMERICA",NA,NA,NA,"US",NA,"United States of America",NA,NA,NA,NA,NA,NA,NA,NA,NA,NA,NA,NA,NA,NA,NA,NA,NA,NA,NA,NA,NA,NA,NA,NA,NA,NA,NA,NA,NA,NA,NA,NA,NA,NA,NA,NA,NA,NA,NA,NA,NA,NA,NA,NA,NA,NA,NA,NA,NA,NA,NA,NA,NA,NA,NA,NA,NA,NA,NA,"Aedes albopictus (Skuse, 1894)",NA,NA,NA,NA,NA,NA,NA,"Animalia","Arthropoda","Insecta","Diptera",NA,"Culicidae",NA,NA,NA,"Aedes","Aedes",NA,NA,"albopictus",NA,NA,"SPECIES",NA,NA,NA,"ACCEPTED",NA,NA,"33614778-513a-4ec0-814d-125021cca5fe","GB","2025-02-02T16:31:25.281Z",NA,NA,NA,NA,NA,"GEODETIC_DATUM_ASSUMED_WGS84;CONTINENT_DERIVED_FROM_COORDINATES;OCCURRENCE_STATUS_UNPARSABLE",NA,"true","false",1651430,1651430,1,54,216,811,3346,7924646,NA,1651430,"Aedes albopictus","Aedes albopictus (Skuse, 1894)","Aedes albopictus",NA,"DWC_ARCHIVE","2025-02-02T16:31:25.281Z","2025-01-24T08:50:12.886Z","true",NA,NA,"false","NORTH_AMERICA","EUROPE","USA","United States","USA.14_1","Illinois","USA.14.2_1","Alexander","","","NE"
-88.93,37.74,1264853045,NA,NA,NA,"CC0_1_0",NA,NA,NA,NA,NA,NA,NA,NA,NA,NA,NA,NA,"MATERIAL_CITATION",NA,NA,NA,3619,NA,NA,NA,NA,NA,NA,NA,NA,NA,NA,NA,NA,NA,NA,NA,NA,NA,"PRESENT",NA,NA,NA,NA,NA,NA,NA,NA,NA,NA,NA,NA,NA,NA,NA,NA,NA,NA,NA,NA,NA,NA,1991,NA,NA,NA,1991,NA,NA,NA,NA,NA,NA,NA,NA,NA,NA,NA,NA,NA,"NORTH_AMERICA",NA,NA,NA,"US",NA,"United States of America",NA,NA,NA,NA,NA,NA,NA,NA,NA,NA,NA,NA,NA,NA,NA,NA,NA,NA,NA,NA,NA,NA,NA,NA,NA,NA,NA,NA,NA,NA,NA,NA,NA,NA,NA,NA,NA,NA,NA,NA,NA,NA,NA,NA,NA,NA,NA,NA,NA,NA,NA,NA,NA,NA,NA,NA,NA,NA,NA,"Aedes albopictus (Skuse, 1894)",NA,NA,NA,NA,NA,NA,NA,"Animalia","Arthropoda","Insecta","Diptera",NA,"Culicidae",NA,NA,NA,"Aedes","Aedes",NA,NA,"albopictus",NA,NA,"SPECIES",NA,NA,NA,"ACCEPTED",NA,NA,"33614778-513a-4ec0-814d-125021cca5fe","GB","2025-02-02T16:31:24.992Z",NA,NA,NA,NA,NA,"GEODETIC_DATUM_ASSUMED_WGS84;CONTINENT_DERIVED_FROM_COORDINATES;OCCURRENCE_STATUS_UNPARSABLE",NA,"true","false",1651430,1651430,1,54,216,811,3346,7924646,NA,1651430,"Aedes albopictus","Aedes albopictus (Skuse, 1894)","Aedes albopictus",NA,"DWC_ARCHIVE","2025-02-02T16:31:24.992Z","2025-01-24T08:50:12.886Z","true",NA,NA,"false","NORTH_AMERICA","EUROPE","USA","United States","USA.14_1","Illinois","USA.14.101_1","Williamson","","","NE"
-89.48,39.23,1264852858,NA,NA,NA,"CC0_1_0",NA,NA,NA,NA,NA,NA,NA,NA,NA,NA,NA,NA,"MATERIAL_CITATION",NA,NA,NA,3342,NA,NA,NA,NA,NA,NA,NA,NA,NA,NA,NA,NA,NA,NA,NA,NA,NA,"PRESENT",NA,NA,NA,NA,NA,NA,NA,NA,NA,NA,NA,NA,NA,NA,NA,NA,NA,NA,NA,NA,NA,NA,2001,NA,NA,NA,2001,NA,NA,NA,NA,NA,NA,NA,NA,NA,NA,NA,NA,NA,"NORTH_AMERICA",NA,NA,NA,"US",NA,"United States of America",NA,NA,NA,NA,NA,NA,NA,NA,NA,NA,NA,NA,NA,NA,NA,NA,NA,NA,NA,NA,NA,NA,NA,NA,NA,NA,NA,NA,NA,NA,NA,NA,NA,NA,NA,NA,NA,NA,NA,NA,NA,NA,NA,NA,NA,NA,NA,NA,NA,NA,NA,NA,NA,NA,NA,NA,NA,NA,NA,"Aedes albopictus (Skuse, 1894)",NA,NA,NA,NA,NA,NA,NA,"Animalia","Arthropoda","Insecta","Diptera",NA,"Culicidae",NA,NA,NA,"Aedes","Aedes",NA,NA,"albopictus",NA,NA,"SPECIES",NA,NA,NA,"ACCEPTED",NA,NA,"33614778-513a-4ec0-814d-125021cca5fe","GB","2025-02-02T16:31:26.072Z",NA,NA,NA,NA,NA,"GEODETIC_DATUM_ASSUMED_WGS84;CONTINENT_DERIVED_FROM_COORDINATES;OCCURRENCE_STATUS_UNPARSABLE",NA,"true","false",1651430,1651430,1,54,216,811,3346,7924646,NA,1651430,"Aedes albopictus","Aedes albopictus (Skuse, 1894)","Aedes albopictus",NA,"DWC_ARCHIVE","2025-02-02T16:31:26.072Z","2025-01-24T08:50:12.886Z","true",NA,NA,"false","NORTH_AMERICA","EUROPE","USA","United States","USA.14_1","Illinois","USA.14.69_1","Montgomery","","","NE"
-89.81,40.03,1264852846,NA,NA,NA,"CC0_1_0",NA,NA,NA,NA,NA,NA,NA,NA,NA,NA,NA,NA,"MATERIAL_CITATION",NA,NA,NA,3338,NA,NA,NA,NA,NA,NA,NA,NA,NA,NA,NA,NA,NA,NA,NA,NA,NA,"PRESENT",NA,NA,NA,NA,NA,NA,NA,NA,NA,NA,NA,NA,NA,NA,NA,NA,NA,NA,NA,NA,NA,NA,2007,NA,NA,NA,2007,NA,NA,NA,NA,NA,NA,NA,NA,NA,NA,NA,NA,NA,"NORTH_AMERICA",NA,NA,NA,"US",NA,"United States of America",NA,NA,NA,NA,NA,NA,NA,NA,NA,NA,NA,NA,NA,NA,NA,NA,NA,NA,NA,NA,NA,NA,NA,NA,NA,NA,NA,NA,NA,NA,NA,NA,NA,NA,NA,NA,NA,NA,NA,NA,NA,NA,NA,NA,NA,NA,NA,NA,NA,NA,NA,NA,NA,NA,NA,NA,NA,NA,NA,"Aedes albopictus (Skuse, 1894)",NA,NA,NA,NA,NA,NA,NA,"Animalia","Arthropoda","Insecta","Diptera",NA,"Culicidae",NA,NA,NA,"Aedes","Aedes",NA,NA,"albopictus",NA,NA,"SPECIES",NA,NA,NA,"ACCEPTED",NA,NA,"33614778-513a-4ec0-814d-125021cca5fe","GB","2025-02-02T16:31:26.099Z",NA,NA,NA,NA,NA,"GEODETIC_DATUM_ASSUMED_WGS84;CONTINENT_DERIVED_FROM_COORDINATES;OCCURRENCE_STATUS_UNPARSABLE",NA,"true","false",1651430,1651430,1,54,216,811,3346,7924646,NA,1651430,"Aedes albopictus","Aedes albopictus (Skuse, 1894)","Aedes albopictus",NA,"DWC_ARCHIVE","2025-02-02T16:31:26.099Z","2025-01-24T08:50:12.886Z","true",NA,NA,"false","NORTH_AMERICA","EUROPE","USA","United States","USA.14_1","Illinois","USA.14.66_1","Menard","","","NE"
-88.92,38.65,1264852832,NA,NA,NA,"CC0_1_0",NA,NA,NA,NA,NA,NA,NA,NA,NA,NA,NA,NA,"MATERIAL_CITATION",NA,NA,NA,3341,NA,NA,NA,NA,NA,NA,NA,NA,NA,NA,NA,NA,NA,NA,NA,NA,NA,"PRESENT",NA,NA,NA,NA,NA,NA,NA,NA,NA,NA,NA,NA,NA,NA,NA,NA,NA,NA,NA,NA,NA,NA,2001,NA,NA,NA,2001,NA,NA,NA,NA,NA,NA,NA,NA,NA,NA,NA,NA,NA,"NORTH_AMERICA",NA,NA,NA,"US",NA,"United States of America",NA,NA,NA,NA,NA,NA,NA,NA,NA,NA,NA,NA,NA,NA,NA,NA,NA,NA,NA,NA,NA,NA,NA,NA,NA,NA,NA,NA,NA,NA,NA,NA,NA,NA,NA,NA,NA,NA,NA,NA,NA,NA,NA,NA,NA,NA,NA,NA,NA,NA,NA,NA,NA,NA,NA,NA,NA,NA,NA,"Aedes albopictus (Skuse, 1894)",NA,NA,NA,NA,NA,NA,NA,"Animalia","Arthropoda","Insecta","Diptera",NA,"Culicidae",NA,NA,NA,"Aedes","Aedes",NA,NA,"albopictus",NA,NA,"SPECIES",NA,NA,NA,"ACCEPTED",NA,NA,"33614778-513a-4ec0-814d-125021cca5fe","GB","2025-02-02T16:31:26.092Z",NA,NA,NA,NA,NA,"GEODETIC_DATUM_ASSUMED_WGS84;CONTINENT_DERIVED_FROM_COORDINATES;OCCURRENCE_STATUS_UNPARSABLE",NA,"true","false",1651430,1651430,1,54,216,811,3346,7924646,NA,1651430,"Aedes albopictus","Aedes albopictus (Skuse, 1894)","Aedes albopictus",NA,"DWC_ARCHIVE","2025-02-02T16:31:26.092Z","2025-01-24T08:50:12.886Z","true",NA,NA,"false","NORTH_AMERICA","EUROPE","USA","United States","USA.14_1","Illinois","USA.14.59_1","Marion","","","NE"
-88.85,40.49,1264852823,NA,NA,NA,"CC0_1_0",NA,NA,NA,NA,NA,NA,NA,NA,NA,NA,NA,NA,"MATERIAL_CITATION",NA,NA,NA,3337,NA,NA,NA,NA,NA,NA,NA,NA,NA,NA,NA,NA,NA,NA,NA,NA,NA,"PRESENT",NA,NA,NA,NA,NA,NA,NA,NA,NA,NA,NA,NA,NA,NA,NA,NA,NA,NA,NA,NA,NA,NA,2006,NA,NA,NA,2006,NA,NA,NA,NA,NA,NA,NA,NA,NA,NA,NA,NA,NA,"NORTH_AMERICA",NA,NA,NA,"US",NA,"United States of America",NA,NA,NA,NA,NA,NA,NA,NA,NA,NA,NA,NA,NA,NA,NA,NA,NA,NA,NA,NA,NA,NA,NA,NA,NA,NA,NA,NA,NA,NA,NA,NA,NA,NA,NA,NA,NA,NA,NA,NA,NA,NA,NA,NA,NA,NA,NA,NA,NA,NA,NA,NA,NA,NA,NA,NA,NA,NA,NA,"Aedes albopictus (Skuse, 1894)",NA,NA,NA,NA,NA,NA,NA,"Animalia","Arthropoda","Insecta","Diptera",NA,"Culicidae",NA,NA,NA,"Aedes","Aedes",NA,NA,"albopictus",NA,NA,"SPECIES",NA,NA,NA,"ACCEPTED",NA,NA,"33614778-513a-4ec0-814d-125021cca5fe","GB","2025-02-02T16:31:26.065Z",NA,NA,NA,NA,NA,"GEODETIC_DATUM_ASSUMED_WGS84;CONTINENT_DERIVED_FROM_COORDINATES;OCCURRENCE_STATUS_UNPARSABLE",NA,"true","false",1651430,1651430,1,54,216,811,3346,7924646,NA,1651430,"Aedes albopictus","Aedes albopictus (Skuse, 1894)","Aedes albopictus",NA,"DWC_ARCHIVE","2025-02-02T16:31:26.065Z","2025-01-24T08:50:12.886Z","true",NA,NA,"false","NORTH_AMERICA","EUROPE","USA","United States","USA.14_1","Illinois","USA.14.65_1","McLean","","","NE"
-88.49,38.76,1264852816,NA,NA,NA,"CC0_1_0",NA,NA,NA,NA,NA,NA,NA,NA,NA,NA,NA,NA,"MATERIAL_CITATION",NA,NA,NA,3345,NA,NA,NA,NA,NA,NA,NA,NA,NA,NA,NA,NA,NA,NA,NA,NA,NA,"PRESENT",NA,NA,NA,NA,NA,NA,NA,NA,NA,NA,NA,NA,NA,NA,NA,NA,NA,NA,NA,NA,NA,NA,2004,NA,NA,NA,2004,NA,NA,NA,NA,NA,NA,NA,NA,NA,NA,NA,NA,NA,"NORTH_AMERICA",NA,NA,NA,"US",NA,"United States of America",NA,NA,NA,NA,NA,NA,NA,NA,NA,NA,NA,NA,NA,NA,NA,NA,NA,NA,NA,NA,NA,NA,NA,NA,NA,NA,NA,NA,NA,NA,NA,NA,NA,NA,NA,NA,NA,NA,NA,NA,NA,NA,NA,NA,NA,NA,NA,NA,NA,NA,NA,NA,NA,NA,NA,NA,NA,NA,NA,"Aedes albopictus (Skuse, 1894)",NA,NA,NA,NA,NA,NA,NA,"Animalia","Arthropoda","Insecta","Diptera",NA,"Culicidae",NA,NA,NA,"Aedes","Aedes",NA,NA,"albopictus",NA,NA,"SPECIES",NA,NA,NA,"ACCEPTED",NA,NA,"33614778-513a-4ec0-814d-125021cca5fe","GB","2025-02-02T16:31:26.064Z",NA,NA,NA,NA,NA,"GEODETIC_DATUM_ASSUMED_WGS84;CONTINENT_DERIVED_FROM_COORDINATES;OCCURRENCE_STATUS_UNPARSABLE",NA,"true","false",1651430,1651430,1,54,216,811,3346,7924646,NA,1651430,"Aedes albopictus","Aedes albopictus (Skuse, 1894)","Aedes albopictus",NA,"DWC_ARCHIVE","2025-02-02T16:31:26.064Z","2025-01-24T08:50:12.886Z","true",NA,NA,"false","NORTH_AMERICA","EUROPE","USA","United States","USA.14_1","Illinois","USA.14.13_1","Clay","","","NE"
-88.93,38.3,1264852813,NA,NA,NA,"CC0_1_0",NA,NA,NA,NA,NA,NA,NA,NA,NA,NA,NA,NA,"MATERIAL_CITATION",NA,NA,NA,3415,NA,NA,NA,NA,NA,NA,NA,NA,NA,NA,NA,NA,NA,NA,NA,NA,NA,"PRESENT",NA,NA,NA,NA,NA,NA,NA,NA,NA,NA,NA,NA,NA,NA,NA,NA,NA,NA,NA,NA,NA,NA,1986,NA,NA,NA,1986,NA,NA,NA,NA,NA,NA,NA,NA,NA,NA,NA,NA,NA,"NORTH_AMERICA",NA,NA,NA,"US",NA,"United States of America",NA,NA,NA,NA,NA,NA,NA,NA,NA,NA,NA,NA,NA,NA,NA,NA,NA,NA,NA,NA,NA,NA,NA,NA,NA,NA,NA,NA,NA,NA,NA,NA,NA,NA,NA,NA,NA,NA,NA,NA,NA,NA,NA,NA,NA,NA,NA,NA,NA,NA,NA,NA,NA,NA,NA,NA,NA,NA,NA,"Aedes albopictus (Skuse, 1894)",NA,NA,NA,NA,NA,NA,NA,"Animalia","Arthropoda","Insecta","Diptera",NA,"Culicidae",NA,NA,NA,"Aedes","Aedes",NA,NA,"albopictus",NA,NA,"SPECIES",NA,NA,NA,"ACCEPTED",NA,NA,"33614778-513a-4ec0-814d-125021cca5fe","GB","2025-02-02T16:31:26.064Z",NA,NA,NA,NA,NA,"GEODETIC_DATUM_ASSUMED_WGS84;CONTINENT_DERIVED_FROM_COORDINATES;OCCURRENCE_STATUS_UNPARSABLE",NA,"true","false",1651430,1651430,1,54,216,811,3346,7924646,NA,1651430,"Aedes albopictus","Aedes albopictus (Skuse, 1894)","Aedes albopictus",NA,"DWC_ARCHIVE","2025-02-02T16:31:26.064Z","2025-01-24T08:50:12.886Z","true",NA,NA,"false","NORTH_AMERICA","EUROPE","USA","United States","USA.14_1","Illinois","USA.14.41_1","Jefferson","","","NE"
-89.93,39.26,1264852809,NA,NA,NA,"CC0_1_0",NA,NA,NA,NA,NA,NA,NA,NA,NA,NA,NA,NA,"MATERIAL_CITATION",NA,NA,NA,3340,NA,NA,NA,NA,NA,NA,NA,NA,NA,NA,NA,NA,NA,NA,NA,NA,NA,"PRESENT",NA,NA,NA,NA,NA,NA,NA,NA,NA,NA,NA,NA,NA,NA,NA,NA,NA,NA,NA,NA,NA,NA,1991,NA,NA,NA,1991,NA,NA,NA,NA,NA,NA,NA,NA,NA,NA,NA,NA,NA,"NORTH_AMERICA",NA,NA,NA,"US",NA,"United States of America",NA,NA,NA,NA,NA,NA,NA,NA,NA,NA,NA,NA,NA,NA,NA,NA,NA,NA,NA,NA,NA,NA,NA,NA,NA,NA,NA,NA,NA,NA,NA,NA,NA,NA,NA,NA,NA,NA,NA,NA,NA,NA,NA,NA,NA,NA,NA,NA,NA,NA,NA,NA,NA,NA,NA,NA,NA,NA,NA,"Aedes albopictus (Skuse, 1894)",NA,NA,NA,NA,NA,NA,NA,"Animalia","Arthropoda","Insecta","Diptera",NA,"Culicidae",NA,NA,NA,"Aedes","Aedes",NA,NA,"albopictus",NA,NA,"SPECIES",NA,NA,NA,"ACCEPTED",NA,NA,"33614778-513a-4ec0-814d-125021cca5fe","GB","2025-02-02T16:31:26.068Z",NA,NA,NA,NA,NA,"GEODETIC_DATUM_ASSUMED_WGS84;CONTINENT_DERIVED_FROM_COORDINATES;OCCURRENCE_STATUS_UNPARSABLE",NA,"true","false",1651430,1651430,1,54,216,811,3346,7924646,NA,1651430,"Aedes albopictus","Aedes albopictus (Skuse, 1894)","Aedes albopictus",NA,"DWC_ARCHIVE","2025-02-02T16:31:26.068Z","2025-01-24T08:50:12.886Z","true",NA,NA,"false","NORTH_AMERICA","EUROPE","USA","United States","USA.14_1","Illinois","USA.14.57_1","Macoupin","","","NE"
-89.76,40.79,1264852799,NA,NA,NA,"CC0_1_0",NA,NA,NA,NA,NA,NA,NA,NA,NA,NA,NA,NA,"MATERIAL_CITATION",NA,NA,NA,3336,NA,NA,NA,NA,NA,NA,NA,NA,NA,NA,NA,NA,NA,NA,NA,NA,NA,"PRESENT",NA,NA,NA,NA,NA,NA,NA,NA,NA,NA,NA,NA,NA,NA,NA,NA,NA,NA,NA,NA,NA,NA,1997,NA,NA,NA,1997,NA,NA,NA,NA,NA,NA,NA,NA,NA,NA,NA,NA,NA,"NORTH_AMERICA",NA,NA,NA,"US",NA,"United States of America",NA,NA,NA,NA,NA,NA,NA,NA,NA,NA,NA,NA,NA,NA,NA,NA,NA,NA,NA,NA,NA,NA,NA,NA,NA,NA,NA,NA,NA,NA,NA,NA,NA,NA,NA,NA,NA,NA,NA,NA,NA,NA,NA,NA,NA,NA,NA,NA,NA,NA,NA,NA,NA,NA,NA,NA,NA,NA,NA,"Aedes albopictus (Skuse, 1894)",NA,NA,NA,NA,NA,NA,NA,"Animalia","Arthropoda","Insecta","Diptera",NA,"Culicidae",NA,NA,NA,"Aedes","Aedes",NA,NA,"albopictus",NA,NA,"SPECIES",NA,NA,NA,"ACCEPTED",NA,NA,"33614778-513a-4ec0-814d-125021cca5fe","GB","2025-02-02T16:31:25.972Z",NA,NA,NA,NA,NA,"GEODETIC_DATUM_ASSUMED_WGS84;CONTINENT_DERIVED_FROM_COORDINATES;OCCURRENCE_STATUS_UNPARSABLE",NA,"true","false",1651430,1651430,1,54,216,811,3346,7924646,NA,1651430,"Aedes albopictus","Aedes albopictus (Skuse, 1894)","Aedes albopictus",NA,"DWC_ARCHIVE","2025-02-02T16:31:25.972Z","2025-01-24T08:50:12.886Z","true",NA,NA,"false","NORTH_AMERICA","EUROPE","USA","United States","USA.14_1","Illinois","USA.14.73_1","Peoria","","","NE"
-89.37,40.13,1264852796,NA,NA,NA,"CC0_1_0",NA,NA,NA,NA,NA,NA,NA,NA,NA,NA,NA,NA,"MATERIAL_CITATION",NA,NA,NA,3339,NA,NA,NA,NA,NA,NA,NA,NA,NA,NA,NA,NA,NA,NA,NA,NA,NA,"PRESENT",NA,NA,NA,NA,NA,NA,NA,NA,NA,NA,NA,NA,NA,NA,NA,NA,NA,NA,NA,NA,NA,NA,2008,NA,NA,NA,2008,NA,NA,NA,NA,NA,NA,NA,NA,NA,NA,NA,NA,NA,"NORTH_AMERICA",NA,NA,NA,"US",NA,"United States of America",NA,NA,NA,NA,NA,NA,NA,NA,NA,NA,NA,NA,NA,NA,NA,NA,NA,NA,NA,NA,NA,NA,NA,NA,NA,NA,NA,NA,NA,NA,NA,NA,NA,NA,NA,NA,NA,NA,NA,NA,NA,NA,NA,NA,NA,NA,NA,NA,NA,NA,NA,NA,NA,NA,NA,NA,NA,NA,NA,"Aedes albopictus (Skuse, 1894)",NA,NA,NA,NA,NA,NA,NA,"Animalia","Arthropoda","Insecta","Diptera",NA,"Culicidae",NA,NA,NA,"Aedes","Aedes",NA,NA,"albopictus",NA,NA,"SPECIES",NA,NA,NA,"ACCEPTED",NA,NA,"33614778-513a-4ec0-814d-125021cca5fe","GB","2025-02-02T16:31:26.030Z",NA,NA,NA,NA,NA,"GEODETIC_DATUM_ASSUMED_WGS84;CONTINENT_DERIVED_FROM_COORDINATES;OCCURRENCE_STATUS_UNPARSABLE",NA,"true","false",1651430,1651430,1,54,216,811,3346,7924646,NA,1651430,"Aedes albopictus","Aedes albopictus (Skuse, 1894)","Aedes albopictus",NA,"DWC_ARCHIVE","2025-02-02T16:31:26.030Z","2025-01-24T08:50:12.886Z","true",NA,NA,"false","NORTH_AMERICA","EUROPE","USA","United States","USA.14_1","Illinois","USA.14.55_1","Logan","","","NE"
-88.97,39.86,1264852792,NA,NA,NA,"CC0_1_0",NA,NA,NA,NA,NA,NA,NA,NA,NA,NA,NA,NA,"MATERIAL_CITATION",NA,NA,NA,3344,NA,NA,NA,NA,NA,NA,NA,NA,NA,NA,NA,NA,NA,NA,NA,NA,NA,"PRESENT",NA,NA,NA,NA,NA,NA,NA,NA,NA,NA,NA,NA,NA,NA,NA,NA,NA,NA,NA,NA,NA,NA,2002,NA,NA,NA,2002,NA,NA,NA,NA,NA,NA,NA,NA,NA,NA,NA,NA,NA,"NORTH_AMERICA",NA,NA,NA,"US",NA,"United States of America",NA,NA,NA,NA,NA,NA,NA,NA,NA,NA,NA,NA,NA,NA,NA,NA,NA,NA,NA,NA,NA,NA,NA,NA,NA,NA,NA,NA,NA,NA,NA,NA,NA,NA,NA,NA,NA,NA,NA,NA,NA,NA,NA,NA,NA,NA,NA,NA,NA,NA,NA,NA,NA,NA,NA,NA,NA,NA,NA,"Aedes albopictus (Skuse, 1894)",NA,NA,NA,NA,NA,NA,NA,"Animalia","Arthropoda","Insecta","Diptera",NA,"Culicidae",NA,NA,NA,"Aedes","Aedes",NA,NA,"albopictus",NA,NA,"SPECIES",NA,NA,NA,"ACCEPTED",NA,NA,"33614778-513a-4ec0-814d-125021cca5fe","GB","2025-02-02T16:31:26.029Z",NA,NA,NA,NA,NA,"GEODETIC_DATUM_ASSUMED_WGS84;CONTINENT_DERIVED_FROM_COORDINATES;OCCURRENCE_STATUS_UNPARSABLE",NA,"true","false",1651430,1651430,1,54,216,811,3346,7924646,NA,1651430,"Aedes albopictus","Aedes albopictus (Skuse, 1894)","Aedes albopictus",NA,"DWC_ARCHIVE","2025-02-02T16:31:26.029Z","2025-01-24T08:50:12.886Z","true",NA,NA,"false","NORTH_AMERICA","EUROPE","USA","United States","USA.14_1","Illinois","USA.14.56_1","Macon","","","NE"
-89.66,39.76,1264852767,NA,NA,NA,"CC0_1_0",NA,NA,NA,NA,NA,NA,NA,NA,NA,NA,NA,NA,"MATERIAL_CITATION",NA,NA,NA,3343,NA,NA,NA,NA,NA,NA,NA,NA,NA,NA,NA,NA,NA,NA,NA,NA,NA,"PRESENT",NA,NA,NA,NA,NA,NA,NA,NA,NA,NA,NA,NA,NA,NA,NA,NA,NA,NA,NA,NA,NA,NA,2001,NA,NA,NA,2001,NA,NA,NA,NA,NA,NA,NA,NA,NA,NA,NA,NA,NA,"NORTH_AMERICA",NA,NA,NA,"US",NA,"United States of America",NA,NA,NA,NA,NA,NA,NA,NA,NA,NA,NA,NA,NA,NA,NA,NA,NA,NA,NA,NA,NA,NA,NA,NA,NA,NA,NA,NA,NA,NA,NA,NA,NA,NA,NA,NA,NA,NA,NA,NA,NA,NA,NA,NA,NA,NA,NA,NA,NA,NA,NA,NA,NA,NA,NA,NA,NA,NA,NA,"Aedes albopictus (Skuse, 1894)",NA,NA,NA,NA,NA,NA,NA,"Animalia","Arthropoda","Insecta","Diptera",NA,"Culicidae",NA,NA,NA,"Aedes","Aedes",NA,NA,"albopictus",NA,NA,"SPECIES",NA,NA,NA,"ACCEPTED",NA,NA,"33614778-513a-4ec0-814d-125021cca5fe","GB","2025-02-02T16:31:26.041Z",NA,NA,NA,NA,NA,"GEODETIC_DATUM_ASSUMED_WGS84;CONTINENT_DERIVED_FROM_COORDINATES;OCCURRENCE_STATUS_UNPARSABLE",NA,"true","false",1651430,1651430,1,54,216,811,3346,7924646,NA,1651430,"Aedes albopictus","Aedes albopictus (Skuse, 1894)","Aedes albopictus",NA,"DWC_ARCHIVE","2025-02-02T16:31:26.041Z","2025-01-24T08:50:12.886Z","true",NA,NA,"false","NORTH_AMERICA","EUROPE","USA","United States","USA.14_1","Illinois","USA.14.85_1","Sangamon","","","NE"
-88.09,38.72,1264852761,NA,NA,NA,"CC0_1_0",NA,NA,NA,NA,NA,NA,NA,NA,NA,NA,NA,NA,"MATERIAL_CITATION",NA,NA,NA,3347,NA,NA,NA,NA,NA,NA,NA,NA,NA,NA,NA,NA,NA,NA,NA,NA,NA,"PRESENT",NA,NA,NA,NA,NA,NA,NA,NA,NA,NA,NA,NA,NA,NA,NA,NA,NA,NA,NA,NA,NA,NA,1999,NA,NA,NA,1999,NA,NA,NA,NA,NA,NA,NA,NA,NA,NA,NA,NA,NA,"NORTH_AMERICA",NA,NA,NA,"US",NA,"United States of America",NA,NA,NA,NA,NA,NA,NA,NA,NA,NA,NA,NA,NA,NA,NA,NA,NA,NA,NA,NA,NA,NA,NA,NA,NA,NA,NA,NA,NA,NA,NA,NA,NA,NA,NA,NA,NA,NA,NA,NA,NA,NA,NA,NA,NA,NA,NA,NA,NA,NA,NA,NA,NA,NA,NA,NA,NA,NA,NA,"Aedes albopictus (Skuse, 1894)",NA,NA,NA,NA,NA,NA,NA,"Animalia","Arthropoda","Insecta","Diptera",NA,"Culicidae",NA,NA,NA,"Aedes","Aedes",NA,NA,"albopictus",NA,NA,"SPECIES",NA,NA,NA,"ACCEPTED",NA,NA,"33614778-513a-4ec0-814d-125021cca5fe","GB","2025-02-02T16:31:26.038Z",NA,NA,NA,NA,NA,"GEODETIC_DATUM_ASSUMED_WGS84;CONTINENT_DERIVED_FROM_COORDINATES;OCCURRENCE_STATUS_UNPARSABLE",NA,"true","false",1651430,1651430,1,54,216,811,3346,7924646,NA,1651430,"Aedes albopictus","Aedes albopictus (Skuse, 1894)","Aedes albopictus",NA,"DWC_ARCHIVE","2025-02-02T16:31:26.038Z","2025-01-24T08:50:12.886Z","true",NA,NA,"false","NORTH_AMERICA","EUROPE","USA","United States","USA.14_1","Illinois","USA.14.81_1","Richland","","","NE"
-88.16,39.02,1264852742,NA,NA,NA,"CC0_1_0",NA,NA,NA,NA,NA,NA,NA,NA,NA,NA,NA,NA,"MATERIAL_CITATION",NA,NA,NA,3327,NA,NA,NA,NA,NA,NA,NA,NA,NA,NA,NA,NA,NA,NA,NA,NA,NA,"PRESENT",NA,NA,NA,NA,NA,NA,NA,NA,NA,NA,NA,NA,NA,NA,NA,NA,NA,NA,NA,NA,NA,NA,1994,NA,NA,NA,1994,NA,NA,NA,NA,NA,NA,NA,NA,NA,NA,NA,NA,NA,"NORTH_AMERICA",NA,NA,NA,"US",NA,"United States of America",NA,NA,NA,NA,NA,NA,NA,NA,NA,NA,NA,NA,NA,NA,NA,NA,NA,NA,NA,NA,NA,NA,NA,NA,NA,NA,NA,NA,NA,NA,NA,NA,NA,NA,NA,NA,NA,NA,NA,NA,NA,NA,NA,NA,NA,NA,NA,NA,NA,NA,NA,NA,NA,NA,NA,NA,NA,NA,NA,"Aedes albopictus (Skuse, 1894)",NA,NA,NA,NA,NA,NA,NA,"Animalia","Arthropoda","Insecta","Diptera",NA,"Culicidae",NA,NA,NA,"Aedes","Aedes",NA,NA,"albopictus",NA,NA,"SPECIES",NA,NA,NA,"ACCEPTED",NA,NA,"33614778-513a-4ec0-814d-125021cca5fe","GB","2025-02-02T16:31:25.995Z",NA,NA,NA,NA,NA,"GEODETIC_DATUM_ASSUMED_WGS84;CONTINENT_DERIVED_FROM_COORDINATES;OCCURRENCE_STATUS_UNPARSABLE",NA,"true","false",1651430,1651430,1,54,216,811,3346,7924646,NA,1651430,"Aedes albopictus","Aedes albopictus (Skuse, 1894)","Aedes albopictus",NA,"DWC_ARCHIVE","2025-02-02T16:31:25.995Z","2025-01-24T08:50:12.886Z","true",NA,NA,"false","NORTH_AMERICA","EUROPE","USA","United States","USA.14_1","Illinois","USA.14.40_1","Jasper","","","NE"
-91.2,39.99,1264852737,NA,NA,NA,"CC0_1_0",NA,NA,NA,NA,NA,NA,NA,NA,NA,NA,NA,NA,"MATERIAL_CITATION",NA,NA,NA,3346,NA,NA,NA,NA,NA,NA,NA,NA,NA,NA,NA,NA,NA,NA,NA,NA,NA,"PRESENT",NA,NA,NA,NA,NA,NA,NA,NA,NA,NA,NA,NA,NA,NA,NA,NA,NA,NA,NA,NA,NA,NA,2004,NA,NA,NA,2004,NA,NA,NA,NA,NA,NA,NA,NA,NA,NA,NA,NA,NA,"NORTH_AMERICA",NA,NA,NA,"US",NA,"United States of America",NA,NA,NA,NA,NA,NA,NA,NA,NA,NA,NA,NA,NA,NA,NA,NA,NA,NA,NA,NA,NA,NA,NA,NA,NA,NA,NA,NA,NA,NA,NA,NA,NA,NA,NA,NA,NA,NA,NA,NA,NA,NA,NA,NA,NA,NA,NA,NA,NA,NA,NA,NA,NA,NA,NA,NA,NA,NA,NA,"Aedes albopictus (Skuse, 1894)",NA,NA,NA,NA,NA,NA,NA,"Animalia","Arthropoda","Insecta","Diptera",NA,"Culicidae",NA,NA,NA,"Aedes","Aedes",NA,NA,"albopictus",NA,NA,"SPECIES",NA,NA,NA,"ACCEPTED",NA,NA,"33614778-513a-4ec0-814d-125021cca5fe","GB","2025-02-02T16:31:25.993Z",NA,NA,NA,NA,NA,"GEODETIC_DATUM_ASSUMED_WGS84;CONTINENT_DERIVED_FROM_COORDINATES;OCCURRENCE_STATUS_UNPARSABLE",NA,"true","false",1651430,1651430,1,54,216,811,3346,7924646,NA,1651430,"Aedes albopictus","Aedes albopictus (Skuse, 1894)","Aedes albopictus",NA,"DWC_ARCHIVE","2025-02-02T16:31:25.993Z","2025-01-24T08:50:12.886Z","true",NA,NA,"false","NORTH_AMERICA","EUROPE","USA","United States","USA.14_1","Illinois","USA.14.1_1","Adams","","","NE"
-89.91,38.83,1264852734,NA,NA,NA,"CC0_1_0",NA,NA,NA,NA,NA,NA,NA,NA,NA,NA,NA,NA,"MATERIAL_CITATION",NA,NA,NA,3320,NA,NA,NA,NA,NA,NA,NA,NA,NA,NA,NA,NA,NA,NA,NA,NA,NA,"PRESENT",NA,NA,NA,NA,NA,NA,NA,NA,NA,NA,NA,NA,NA,NA,NA,NA,NA,NA,NA,NA,NA,NA,1988,NA,NA,NA,1988,NA,NA,NA,NA,NA,NA,NA,NA,NA,NA,NA,NA,NA,"NORTH_AMERICA",NA,NA,NA,"US",NA,"United States of America",NA,NA,NA,NA,NA,NA,NA,NA,NA,NA,NA,NA,NA,NA,NA,NA,NA,NA,NA,NA,NA,NA,NA,NA,NA,NA,NA,NA,NA,NA,NA,NA,NA,NA,NA,NA,NA,NA,NA,NA,NA,NA,NA,NA,NA,NA,NA,NA,NA,NA,NA,NA,NA,NA,NA,NA,NA,NA,NA,"Aedes albopictus (Skuse, 1894)",NA,NA,NA,NA,NA,NA,NA,"Animalia","Arthropoda","Insecta","Diptera",NA,"Culicidae",NA,NA,NA,"Aedes","Aedes",NA,NA,"albopictus",NA,NA,"SPECIES",NA,NA,NA,"ACCEPTED",NA,NA,"33614778-513a-4ec0-814d-125021cca5fe","GB","2025-02-02T16:31:25.993Z",NA,NA,NA,NA,NA,"GEODETIC_DATUM_ASSUMED_WGS84;CONTINENT_DERIVED_FROM_COORDINATES;OCCURRENCE_STATUS_UNPARSABLE",NA,"true","false",1651430,1651430,1,54,216,811,3346,7924646,NA,1651430,"Aedes albopictus","Aedes albopictus (Skuse, 1894)","Aedes albopictus",NA,"DWC_ARCHIVE","2025-02-02T16:31:25.993Z","2025-01-24T08:50:12.886Z","true",NA,NA,"false","NORTH_AMERICA","EUROPE","USA","United States","USA.14_1","Illinois","USA.14.58_1","Madison","","","NE"
-87.82,41.84,1264852729,NA,NA,NA,"CC0_1_0",NA,NA,NA,NA,NA,NA,NA,NA,NA,NA,NA,NA,"MATERIAL_CITATION",NA,NA,NA,3325,NA,NA,NA,NA,NA,NA,NA,NA,NA,NA,NA,NA,NA,NA,NA,NA,NA,"PRESENT",NA,NA,NA,NA,NA,NA,NA,NA,NA,NA,NA,NA,NA,NA,NA,NA,NA,NA,NA,NA,NA,NA,1987,NA,NA,NA,1987,NA,NA,NA,NA,NA,NA,NA,NA,NA,NA,NA,NA,NA,"NORTH_AMERICA",NA,NA,NA,"US",NA,"United States of America",NA,NA,NA,NA,NA,NA,NA,NA,NA,NA,NA,NA,NA,NA,NA,NA,NA,NA,NA,NA,NA,NA,NA,NA,NA,NA,NA,NA,NA,NA,NA,NA,NA,NA,NA,NA,NA,NA,NA,NA,NA,NA,NA,NA,NA,NA,NA,NA,NA,NA,NA,NA,NA,NA,NA,NA,NA,NA,NA,"Aedes albopictus (Skuse, 1894)",NA,NA,NA,NA,NA,NA,NA,"Animalia","Arthropoda","Insecta","Diptera",NA,"Culicidae",NA,NA,NA,"Aedes","Aedes",NA,NA,"albopictus",NA,NA,"SPECIES",NA,NA,NA,"ACCEPTED",NA,NA,"33614778-513a-4ec0-814d-125021cca5fe","GB","2025-02-02T16:31:26.006Z",NA,NA,NA,NA,NA,"GEODETIC_DATUM_ASSUMED_WGS84;CONTINENT_DERIVED_FROM_COORDINATES;OCCURRENCE_STATUS_UNPARSABLE",NA,"true","false",1651430,1651430,1,54,216,811,3346,7924646,NA,1651430,"Aedes albopictus","Aedes albopictus (Skuse, 1894)","Aedes albopictus",NA,"DWC_ARCHIVE","2025-02-02T16:31:26.006Z","2025-01-24T08:50:12.886Z","true",NA,NA,"false","NORTH_AMERICA","EUROPE","USA","United States","USA.14_1","Illinois","USA.14.16_1","Cook","","","NE"
-89.12,37.23,1264852712,NA,NA,NA,"CC0_1_0",NA,NA,NA,NA,NA,NA,NA,NA,NA,NA,NA,NA,"MATERIAL_CITATION",NA,NA,NA,3324,NA,NA,NA,NA,NA,NA,NA,NA,NA,NA,NA,NA,NA,NA,NA,NA,NA,"PRESENT",NA,NA,NA,NA,NA,NA,NA,NA,NA,NA,NA,NA,NA,NA,NA,NA,NA,NA,NA,NA,NA,NA,1990,NA,NA,NA,1990,NA,NA,NA,NA,NA,NA,NA,NA,NA,NA,NA,NA,NA,"NORTH_AMERICA",NA,NA,NA,"US",NA,"United States of America",NA,NA,NA,NA,NA,NA,NA,NA,NA,NA,NA,NA,NA,NA,NA,NA,NA,NA,NA,NA,NA,NA,NA,NA,NA,NA,NA,NA,NA,NA,NA,NA,NA,NA,NA,NA,NA,NA,NA,NA,NA,NA,NA,NA,NA,NA,NA,NA,NA,NA,NA,NA,NA,NA,NA,NA,NA,NA,NA,"Aedes albopictus (Skuse, 1894)",NA,NA,NA,NA,NA,NA,NA,"Animalia","Arthropoda","Insecta","Diptera",NA,"Culicidae",NA,NA,NA,"Aedes","Aedes",NA,NA,"albopictus",NA,NA,"SPECIES",NA,NA,NA,"ACCEPTED",NA,NA,"33614778-513a-4ec0-814d-125021cca5fe","GB","2025-02-02T16:31:26.003Z",NA,NA,NA,NA,NA,"GEODETIC_DATUM_ASSUMED_WGS84;CONTINENT_DERIVED_FROM_COORDINATES;OCCURRENCE_STATUS_UNPARSABLE",NA,"true","false",1651430,1651430,1,54,216,811,3346,7924646,NA,1651430,"Aedes albopictus","Aedes albopictus (Skuse, 1894)","Aedes albopictus",NA,"DWC_ARCHIVE","2025-02-02T16:31:26.003Z","2025-01-24T08:50:12.886Z","true",NA,NA,"false","NORTH_AMERICA","EUROPE","USA","United States","USA.14_1","Illinois","USA.14.78_1","Pulaski","","","NE"
