decimalLongitude,decimalLatitude,presence,cropped_bioclim_stack,wc2.1_5m_bio_1,wc2.1_5m_bio_10,wc2.1_5m_bio_11,wc2.1_5m_bio_12,wc2.1_5m_bio_13,wc2.1_5m_bio_14,wc2.1_5m_bio_15,wc2.1_5m_bio_16,wc2.1_5m_bio_17,wc2.1_5m_bio_18,wc2.1_5m_bio_19,wc2.1_5m_bio_2,wc2.1_5m_bio_3,wc2.1_5m_bio_4,wc2.1_5m_bio_5,wc2.1_5m_bio_6,wc2.1_5m_bio_7,wc2.1_5m_bio_8,wc2.1_5m_bio_9
-89.2,40.07,1,11.103500366210938,11.103500366210938,23.136667251586914,-2.25849986076355,974.0,112.0,43.0,26.5670108795166,315.0,157.0,298.0,157.0,11.789833068847656,29.994997024536133,1025.3475341796875,30.38599967956543,-8.920000076293945,39.305999755859375,21.252832412719727,-2.25849986076355
-90.16,38.62,1,13.181083679199219,13.181083679199219,24.985666275024414,0.41099992394447327,973.0,102.0,51.0,18.833763122558594,290.0,184.0,269.0,184.0,11.559666633605957,30.04852294921875,989.5261840820312,32.06599807739258,-6.404000282287598,38.46999740600586,18.62416648864746,0.41099992394447327
-89.63,40.69,1,10.682833671569824,10.682833671569824,23.145000457763672,-3.069833278656006,936.0,104.0,38.0,28.97600746154785,306.0,139.0,287.0,139.0,11.276166915893555,27.981950759887695,1055.0865478515625,30.391000747680664,-9.906999588012695,40.29800033569336,21.004667282104492,-3.069833278656006
-89.82,39.13,1,11.880708694458008,11.880708694458008,23.670333862304688,-1.090999960899353,982.0,108.0,48.0,22.12813949584961,305.0,174.0,274.0,174.0,11.443583488464355,29.56692886352539,997.0034790039062,30.85999870300293,-7.843999862670898,38.70399856567383,17.372499465942383,-1.090999960899353
-88.15,38.87,1,12.240666389465332,12.240666389465332,23.880666732788086,-0.47166678309440613,1073.0,110.0,59.0,19.182186126708984,316.0,208.0,294.0,208.0,11.47249984741211,30.160629272460938,981.0160522460938,31.006999969482422,-7.031000137329102,38.038002014160156,12.067333221435547,-0.47166678309440613
-87.62,41.88,1,9.907958030700684,9.907958030700684,22.029998779296875,-2.9774999618530273,942.0,101.0,40.0,26.22381591796875,295.0,151.0,295.0,151.0,9.972916603088379,26.2971134185791,1011.4535522460938,28.792999267578125,-9.130999565124512,37.92399978637695,22.029998779296875,-2.9774999618530273
-89.2,37.11,1,14.031708717346191,14.031708717346191,25.050167083740234,2.1693334579467773,1208.0,129.0,78.0,16.136890411376953,368.0,263.0,286.0,278.0,11.411250114440918,31.32033348083496,922.4168701171875,31.972999572753906,-4.460999965667725,36.433998107910156,13.798500061035156,20.51850128173828
-88.2,40.11,1,11.019583702087402,11.019583702087402,23.1478328704834,-2.3244998455047607,1006.0,115.0,46.0,26.54857635498047,327.0,164.0,317.0,164.0,11.100167274475098,28.537334442138672,1027.822265625,30.117000579833984,-8.779999732971191,38.89699935913086,21.173999786376953,-2.3244998455047607
-89.93,38.4,1,12.853625297546387,12.853625297546387,24.429000854492188,0.28649988770484924,991.0,104.0,53.0,18.054298400878906,294.0,190.0,271.0,190.0,11.790583610534668,30.99196434020996,971.985595703125,31.60700035095215,-6.437000274658203,38.04399871826172,22.424833297729492,0.28649988770484924
-89.85,38.54,1,12.782083511352539,12.782083511352539,24.44099998474121,0.08766666799783707,963.0,104.0,52.0,19.183101654052734,294.0,184.0,268.0,184.0,11.520000457763672,30.279932022094727,980.44287109375,31.503999710083008,-6.540999889373779,38.04499816894531,18.19933319091797,0.08766666799783707
-88.59,39.06,1,11.967916488647461,11.967916488647461,23.67416763305664,-0.8484999537467957,1013.0,106.0,53.0,20.77817726135254,311.0,196.0,284.0,196.0,11.515167236328125,29.976484298706055,986.2462158203125,30.951000213623047,-7.4629998207092285,38.41400146484375,21.56366729736328,-0.8484999537467957
-89.03,39.0,1,12.256041526794434,12.256041526794434,23.999000549316406,-0.6418332457542419,1009.0,106.0,51.0,21.116863250732422,308.0,191.0,277.0,191.0,11.752082824707031,30.291215896606445,991.428955078125,31.381000518798828,-7.415999889373779,38.797000885009766,21.993833541870117,-0.6418332457542419
-88.18,38.09,1,13.155500411987305,13.155500411987305,24.422666549682617,0.8488333821296692,1110.0,124.0,67.0,20.361753463745117,351.0,227.0,276.0,234.0,11.768166542053223,31.532291412353516,949.7625122070312,31.59000015258789,-5.730999946594238,37.32099914550781,13.077500343322754,19.806333541870117
-88.56,37.42,1,13.456707954406738,13.456707954406738,24.20783233642578,1.7565001249313354,1224.0,126.0,78.0,16.340492248535156,370.0,252.0,303.0,281.0,11.762916564941406,32.56621551513672,902.1859130859375,31.263999938964844,-4.855999946594238,36.119998931884766,13.373167037963867,19.83300018310547
-89.37,38.08,1,13.221333503723145,13.221333503723145,24.589500427246094,0.9004999995231628,1082.0,115.0,61.0,18.179874420166016,326.0,216.0,279.0,216.0,11.571833610534668,30.95149040222168,953.6403198242188,31.707000732421875,-5.679999828338623,37.387001037597656,13.067667007446289,0.9004999995231628
-88.54,37.76,1,13.47237491607666,13.47237491607666,24.620166778564453,1.3688334226608276,1157.0,122.0,76.0,18.01244354248047,355.0,237.0,290.0,252.0,12.093250274658203,32.38858413696289,937.0968017578125,31.895000457763672,-5.442999839782715,37.3380012512207,13.396166801452637,20.017833709716797
-88.89,37.47,1,13.505624771118164,13.505624771118164,24.495500564575195,1.5726666450500488,1199.0,125.0,78.0,16.24102210998535,364.0,253.0,291.0,273.0,11.725250244140625,31.950651168823242,922.304443359375,31.545000076293945,-5.1529998779296875,36.697998046875,13.422833442687988,19.989166259765625
-88.54,38.09,1,13.019124984741211,13.019124984741211,24.3266658782959,0.677333414554596,1110.0,118.0,70.0,19.404672622680664,346.0,232.0,271.0,232.0,11.952250480651855,31.783672332763672,952.2659301757812,31.64900016784668,-5.955999851226807,37.60499954223633,12.906000137329102,19.73200035095215
-88.23,37.77,1,13.463749885559082,13.463749885559082,24.5,1.3296667337417603,1142.0,123.0,71.0,18.642955780029297,351.0,228.0,287.0,253.0,12.097999572753906,32.654052734375,937.0205078125,31.586000442504883,-5.4629998207092285,37.04899978637695,13.464332580566406,20.071332931518555
-88.71,37.22,1,13.985583305358887,13.985583305358887,24.868000030517578,2.190999984741211,1236.0,124.0,79.0,15.136771202087402,369.0,260.0,295.0,292.0,12.076499938964844,33.07361602783203,913.072998046875,31.93000030517578,-4.584000110626221,36.513999938964844,13.932666778564453,20.362333297729492
-89.83,38.05,1,13.052458763122559,13.052458763122559,24.432167053222656,0.7101667523384094,1068.0,110.0,57.0,18.183502197265625,312.0,207.0,285.0,207.0,11.931083679199219,31.513690948486328,954.1281127929688,31.753000259399414,-6.10699987411499,37.86000061035156,12.850000381469727,0.7101667523384094
-89.39,37.79,1,13.451624870300293,13.451624870300293,24.701833724975586,1.3221665620803833,1136.0,120.0,68.0,17.77469253540039,343.0,238.0,290.0,238.0,11.543083190917969,31.24734878540039,940.7135009765625,31.749000549316406,-5.191999912261963,36.941001892089844,13.277832984924316,1.3221665620803833
-89.26,37.48,1,13.435416221618652,13.435416221618652,24.469165802001953,1.4396666288375854,1199.0,128.0,78.0,17.08738136291504,366.0,259.0,285.0,269.0,11.431166648864746,31.12215232849121,926.064208984375,31.486000061035156,-5.24399995803833,36.72999954223633,13.311833381652832,19.98033332824707
-89.34,37.19,1,13.665583610534668,13.665583610534668,24.579334259033203,1.847000002861023,1206.0,129.0,78.0,16.520666122436523,368.0,265.0,284.0,274.0,11.247166633605957,30.966869354248047,914.872802734375,31.53700065612793,-4.7829999923706055,36.31999969482422,13.432499885559082,20.18950080871582
-88.93,37.74,1,13.44404125213623,13.44404125213623,24.592666625976562,1.4163333177566528,1152.0,121.0,74.0,17.44565200805664,352.0,244.0,286.0,254.0,11.658583641052246,31.585660934448242,932.9519653320312,31.649999618530273,-5.261000156402588,36.9109992980957,13.293832778930664,19.987499237060547
-89.48,39.23,1,11.88437557220459,11.88437557220459,23.694334030151367,-1.1113332509994507,999.0,109.0,50.0,22.65180206298828,317.0,176.0,276.0,176.0,11.668416976928711,29.919782638549805,997.2986450195312,31.130001068115234,-7.86899995803833,38.999000549316406,17.32699966430664,-1.1113332509994507
-89.81,40.03,1,11.200082778930664,11.200082778930664,23.27483367919922,-2.2230000495910645,921.0,105.0,39.0,26.575342178344727,294.0,146.0,276.0,146.0,11.598999977111816,29.46226692199707,1027.0159912109375,30.514999389648438,-8.854000091552734,39.36899948120117,21.309165954589844,-2.2230000495910645
-88.92,38.65,1,12.491957664489746,12.491957664489746,24.090665817260742,-0.16283337771892548,1039.0,109.0,51.0,20.71531105041504,311.0,202.0,279.0,202.0,11.652416229248047,30.51089859008789,976.2628784179688,31.342998504638672,-6.8480000495910645,38.19099807739258,22.045166015625,-0.16283337771892548
-88.85,40.49,1,10.419875144958496,10.419875144958496,22.58966636657715,-3.0306665897369385,955.0,106.0,41.0,26.957551956176758,303.0,153.0,288.0,153.0,11.29224967956543,28.75834083557129,1034.4864501953125,29.597999572753906,-9.668000221252441,39.26599884033203,20.65416717529297,-3.0306665897369385
-88.49,38.76,1,12.388999938964844,12.388999938964844,23.9913330078125,-0.30133333802223206,1055.0,109.0,57.0,19.78671646118164,314.0,207.0,286.0,207.0,11.744667053222656,30.709827423095703,976.8809814453125,31.354999542236328,-6.888999938964844,38.24399948120117,17.719499588012695,-0.30133333802223206
-88.93,38.3,1,12.854042053222656,12.854042053222656,24.313833236694336,0.3813333809375763,1063.0,113.0,59.0,18.711994171142578,324.0,212.0,268.0,212.0,11.710582733154297,30.943540573120117,963.5179443359375,31.548999786376953,-6.296000003814697,37.845001220703125,12.7301664352417,0.3813333809375763
-89.93,39.26,1,11.740124702453613,11.740124702453613,23.5396671295166,-1.2666666507720947,970.0,110.0,45.0,23.52191925048828,303.0,166.0,273.0,166.0,11.540249824523926,29.812833786010742,999.7462768554688,30.73400115966797,-7.974999904632568,38.70899963378906,17.282333374023438,-1.2666666507720947
-89.76,40.79,1,10.19837474822998,10.19837474822998,22.557666778564453,-3.5178332328796387,935.0,102.0,37.0,29.596729278564453,303.0,135.0,289.0,135.0,11.44991683959961,28.46184730529785,1049.3929443359375,29.844999313354492,-10.383999824523926,40.229000091552734,20.43833351135254,-3.5178332328796387
-89.37,40.13,1,11.141458511352539,11.141458511352539,23.323665618896484,-2.3560001850128174,959.0,111.0,41.0,27.826766967773438,315.0,150.0,298.0,150.0,11.634916305541992,29.3248233795166,1035.4371337890625,30.572999954223633,-9.10300064086914,39.676002502441406,21.346834182739258,-2.3560001850128174
-88.97,39.86,1,11.557083129882812,11.557083129882812,23.672832489013672,-1.7741667032241821,997.0,111.0,47.0,25.14944839477539,320.0,168.0,306.0,168.0,11.703999519348145,29.61688232421875,1026.0338134765625,31.086000442504883,-8.432000160217285,39.518001556396484,21.668832778930664,-1.7741667032241821
-89.66,39.76,1,11.918041229248047,11.918041229248047,24.147666931152344,-1.5558334589004517,931.0,106.0,42.0,25.314151763916016,296.0,153.0,278.0,153.0,11.526582717895508,29.06130027770996,1033.4593505859375,31.421998977661133,-8.241000175476074,39.66299819946289,17.666166305541992,-1.5558334589004517
-88.09,38.72,1,12.540457725524902,12.540457725524902,24.10333251953125,-0.06899992376565933,1108.0,116.0,63.0,18.821985244750977,332.0,218.0,293.0,218.0,11.604249954223633,30.603540420532227,972.8235473632812,31.321998596191406,-6.595999717712402,37.917999267578125,12.408666610717773,-0.06899992376565933
-88.16,39.02,1,12.018583297729492,12.018583297729492,23.657001495361328,-0.7228332757949829,1053.0,107.0,57.0,19.3922176361084,314.0,202.0,295.0,202.0,11.268500328063965,29.688323974609375,981.1177368164062,30.743000030517578,-7.2129998207092285,37.95600128173828,21.63050079345703,-0.7228332757949829
-91.2,39.99,1,11.222042083740234,11.222042083740234,23.51850128173828,-2.2739999294281006,990.0,116.0,34.0,33.31643295288086,327.0,132.0,302.0,132.0,11.03125,28.05791473388672,1037.130615234375,30.520999908447266,-8.795000076293945,39.316001892089844,21.442333221435547,-2.2739999294281006
-89.91,38.83,1,12.373458862304688,12.373458862304688,24.09716796875,-0.42133334279060364,973.0,104.0,50.0,19.708938598632812,295.0,182.0,271.0,182.0,11.35391616821289,29.6818904876709,986.955810546875,31.128999710083008,-7.123000144958496,38.25199890136719,17.79083251953125,-0.42133334279060364
-87.82,41.84,1,10.198416709899902,10.198416709899902,22.602500915527344,-3.138166666030884,942.0,104.0,40.0,27.05000877380371,300.0,149.0,300.0,149.0,10.54283332824707,27.056493759155273,1036.9317626953125,29.534000396728516,-9.432000160217285,38.965999603271484,22.602500915527344,-3.138166666030884
-89.12,37.23,1,13.845916748046875,13.845916748046875,24.844165802001953,1.9779999256134033,1212.0,128.0,79.0,15.940454483032227,368.0,262.0,287.0,279.0,11.557000160217285,31.66908836364746,921.4942626953125,31.799999237060547,-4.692999839782715,36.49300003051758,13.645500183105469,20.355499267578125
-90.4390389525879,42.4195444972221,0,8.466750144958496,8.466750144958496,21.46233367919922,-5.942500114440918,870.0,109.0,28.0,40.41651153564453,313.0,98.0,313.0,98.0,11.333833694458008,27.13520622253418,1103.9927978515625,28.76300048828125,-13.005000114440918,41.768001556396484,21.46233367919922,-5.942500114440918
-90.1720107658601,42.3805442307467,0,8.364957809448242,8.364957809448242,21.210500717163086,-5.914999961853027,880.0,109.0,30.0,38.464874267578125,310.0,104.0,310.0,104.0,11.376416206359863,27.379404067993164,1091.811279296875,28.57900047302246,-12.972000122070312,41.551002502441406,21.210500717163086,-5.914999961853027
-89.2418044419837,42.0998108901695,0,8.682958602905273,8.682958602905273,21.413665771484375,-5.386333465576172,913.0,113.0,29.0,36.36834716796875,315.0,114.0,315.0,114.0,11.394749641418457,27.79071617126465,1080.3619384765625,28.67300033569336,-12.329000473022461,41.00199890136719,21.413665771484375,-5.386333465576172
-91.0439387887027,39.7791863531021,0,11.275750160217285,11.275750160217285,23.423166275024414,-2.065666675567627,975.0,114.0,36.0,30.22055435180664,315.0,138.0,291.0,138.0,11.246000289916992,28.6041316986084,1023.628173828125,30.59200096130371,-8.723999977111816,39.316001892089844,21.285667419433594,-2.065666675567627
-89.9255879393802,40.9812587501675,0,9.973250389099121,9.973250389099121,22.447999954223633,-3.933666706085205,942.0,105.0,35.0,31.47854232788086,307.0,130.0,301.0,130.0,11.468500137329102,28.33897590637207,1063.1429443359375,29.69499969482422,-10.77400016784668,40.46900177001953,20.437000274658203,-3.933666706085205
-89.5845491033938,38.2099411916965,0,12.995833396911621,12.995833396911621,24.45716667175293,0.5770000219345093,1044.0,110.0,56.0,18.117137908935547,309.0,202.0,278.0,202.0,11.601999282836914,30.801496505737305,960.8305053710938,31.618000030517578,-6.048999786376953,37.66699981689453,12.814000129699707,0.5770000219345093
-88.3140404671116,38.2606670950742,0,12.954916954040527,12.954916954040527,24.321834564208984,0.5603333711624146,1116.0,122.0,64.0,20.1081485748291,350.0,228.0,281.0,228.0,11.79716682434082,31.427263259887695,956.6480102539062,31.57900047302246,-5.959000110626221,37.538002014160156,12.864666938781738,0.5603333711624146
-88.629294043845,39.7112282045937,0,11.334583282470703,11.334583282470703,23.185832977294922,-1.837166666984558,1006.0,111.0,50.0,23.065567016601562,315.0,177.0,303.0,177.0,11.525500297546387,29.767040252685547,1010.8931884765625,30.345998764038086,-8.373000144958496,38.718997955322266,21.28933334350586,-1.837166666984558
-88.9302935934513,38.7044758973675,0,12.31149959564209,12.31149959564209,23.917667388916016,-0.3900000751018524,1031.0,108.0,51.0,20.799121856689453,310.0,200.0,278.0,200.0,11.612166404724121,30.384023666381836,978.288818359375,31.15999984741211,-7.058000087738037,38.21799850463867,21.87350082397461,-0.3900000751018524
-90.2160001200474,42.3490164302007,0,8.364957809448242,8.364957809448242,21.210500717163086,-5.914999961853027,880.0,109.0,30.0,38.464874267578125,310.0,104.0,310.0,104.0,11.376416206359863,27.379404067993164,1091.811279296875,28.57900047302246,-12.972000122070312,41.551002502441406,21.210500717163086,-5.914999961853027
-89.1127888337195,38.3837058201761,0,12.662416458129883,12.662416458129883,24.210166931152344,0.09366659075021744,1052.0,112.0,55.0,19.14778709411621,319.0,207.0,270.0,207.0,11.48699951171875,30.299911499023438,970.8467407226562,31.34000015258789,-6.571000099182129,37.9109992980957,12.491000175476074,0.09366659075021744
-90.3131812096532,41.1117723997447,0,9.820083618164062,9.820083618164062,22.41983413696289,-4.259666442871094,957.0,111.0,34.0,33.931663513183594,323.0,126.0,322.0,126.0,11.225666999816895,27.900253295898438,1076.23095703125,29.316999435424805,-10.918000221252441,40.23500061035156,20.524333953857422,-4.259666442871094
-88.1876534779861,41.7613164320096,0,9.618208885192871,9.618208885192871,22.117666244506836,-3.9660000801086426,948.0,107.0,36.0,31.015026092529297,310.0,136.0,310.0,136.0,11.452583312988281,28.429609298706055,1049.2650146484375,29.566999435424805,-10.717000007629395,40.284000396728516,22.117666244506836,-3.9660000801086426
-89.383733910979,37.5022868671777,0,13.29800033569336,13.29800033569336,24.273500442504883,1.318666696548462,1187.0,125.0,75.0,17.067392349243164,360.0,258.0,291.0,260.0,11.302332878112793,30.888288497924805,923.0687255859375,31.268999099731445,-5.322000026702881,36.590999603271484,13.18066692352295,19.8353328704834
-89.9058927481641,42.0704693305058,0,8.502750396728516,8.502750396728516,21.19766616821289,-5.713833332061768,948.0,118.0,35.0,36.37322235107422,324.0,121.0,324.0,121.0,11.94766616821289,28.792333602905273,1086.419189453125,28.61400032043457,-12.881999969482422,41.496002197265625,21.19766616821289,-5.713833332061768
-90.1368799317188,41.8773289617932,0,9.228500366210938,9.228500366210938,22.078332901000977,-5.053333282470703,930.0,117.0,35.0,36.31842803955078,323.0,121.0,323.0,121.0,11.21583366394043,27.151063919067383,1093.6748046875,29.22599983215332,-12.083000183105469,41.308998107910156,22.078332901000977,-5.053333282470703
-88.1063265765015,40.3106536791122,0,10.613791465759277,10.613791465759277,22.732166290283203,-2.7886667251586914,973.0,109.0,44.0,26.642770767211914,315.0,157.0,305.0,157.0,11.457917213439941,29.16465187072754,1031.1873779296875,29.843000411987305,-9.444000244140625,39.28700256347656,20.78933334350586,-2.7886667251586914
-89.4801647853233,40.2658631250678,0,10.868000030517578,10.868000030517578,23.062332153320312,-2.735166549682617,949.0,108.0,40.0,27.520145416259766,308.0,149.0,290.0,149.0,11.642666816711426,29.33770179748535,1041.6490478515625,30.183000564575195,-9.501999855041504,39.685001373291016,21.144332885742188,-2.735166549682617
-91.4782806636171,40.1724011953929,0,11.475791931152344,11.475791931152344,23.853666305541992,-2.176833391189575,968.0,119.0,34.0,35.33254623413086,329.0,124.0,306.0,124.0,11.353416442871094,28.390640258789062,1048.635986328125,30.961999893188477,-9.027999877929688,39.98999786376953,21.830833435058594,-2.176833391189575
-89.16870894837,40.7818095557855,0,10.172416687011719,10.172416687011719,22.45400047302246,-3.502666711807251,949.0,105.0,39.0,27.878368377685547,304.0,144.0,286.0,144.0,11.69516658782959,29.326629638671875,1048.3424072265625,29.607999801635742,-10.270999908447266,39.878997802734375,20.552833557128906,-3.502666711807251
-89.6005887284064,40.5873209861936,0,10.936041831970215,10.936041831970215,23.345333099365234,-2.760666847229004,933.0,103.0,39.0,28.410642623901367,304.0,141.0,286.0,141.0,11.241582870483398,27.99129295349121,1050.6038818359375,30.57699966430664,-9.584000587463379,40.1609992980957,21.212833404541016,-2.760666847229004
-91.3246650964695,40.2807619364738,0,11.044791221618652,11.044791221618652,23.429832458496094,-2.622499942779541,965.0,115.0,34.0,35.1890983581543,327.0,122.0,303.0,122.0,11.230916976928711,28.20067024230957,1048.8583984375,30.45800018310547,-9.366999626159668,39.82500076293945,21.410165786743164,-2.622499942779541
-88.5665163134635,38.3605599640309,0,12.811208724975586,12.811208724975586,24.267499923706055,0.32149994373321533,1089.0,117.0,62.0,19.800029754638672,337.0,219.0,276.0,219.0,11.971083641052246,31.58763885498047,964.5447998046875,31.61600112915039,-6.2820000648498535,37.89800262451172,12.718832969665527,0.32149994373321533
-88.7463865402347,41.6173520005943,0,9.367833137512207,9.367833137512207,21.840665817260742,-4.5363335609436035,924.0,106.0,31.0,33.07683181762695,305.0,125.0,304.0,125.0,11.446166038513184,28.37704849243164,1063.2210693359375,28.910999298095703,-11.425000190734863,40.33599853515625,19.87566566467285,-4.5363335609436035
-90.0190137088215,38.7412321199583,0,12.842583656311035,12.842583656311035,24.599498748779297,0.08500007539987564,969.0,103.0,50.0,19.384178161621094,292.0,182.0,271.0,182.0,11.39133358001709,29.74083137512207,986.7098999023438,31.63599967956543,-6.665999889373779,38.301998138427734,22.552499771118164,0.08500007539987564
-89.0479729793825,42.1544318155583,0,8.720083236694336,8.720083236694336,21.45549964904785,-5.3520002365112305,918.0,112.0,29.0,36.17299270629883,317.0,115.0,317.0,115.0,11.421333312988281,27.95851707458496,1081.0455322265625,28.663000106811523,-12.187999725341797,40.85099792480469,21.45549964904785,-5.3520002365112305
-89.7193806450728,40.1867696608824,0,11.06570816040039,11.06570816040039,23.193666458129883,-2.5231666564941406,916.0,102.0,39.0,26.77654457092285,290.0,144.0,276.0,144.0,11.639082908630371,29.38568878173828,1038.2266845703125,30.349998474121094,-9.258000373840332,39.60799789428711,21.284332275390625,-2.5231666564941406
-88.9230584181188,42.0661136515475,0,8.743000030517578,8.743000030517578,21.402666091918945,-5.2855000495910645,921.0,111.0,29.0,35.77457046508789,316.0,117.0,316.0,117.0,11.414666175842285,28.10871124267578,1076.927978515625,28.5,-12.109000205993652,40.60900115966797,21.402666091918945,-5.2855000495910645
-87.6272576241976,40.0653972348474,0,10.938250541687012,10.938250541687012,22.835834503173828,-2.2028331756591797,1031.0,112.0,50.0,25.4654483795166,334.0,171.0,323.0,171.0,11.399333000183105,29.528892517089844,1008.5932006835938,29.899999618530273,-8.703999519348145,38.604000091552734,20.867834091186523,-2.2028331756591797
-88.6319352469443,38.1173059130584,0,12.962666511535645,12.962666511535645,24.2363338470459,0.643500030040741,1106.0,117.0,69.0,19.040822982788086,343.0,230.0,271.0,230.0,11.87600040435791,31.708229064941406,949.7172241210938,31.51300048828125,-5.940999984741211,37.454002380371094,12.864500045776367,0.643500030040741
-90.3177330681787,39.7885372595175,0,11.33720874786377,11.33720874786377,23.332000732421875,-2.008333444595337,961.0,118.0,36.0,29.51711654663086,316.0,142.0,282.0,142.0,11.799083709716797,29.90592384338379,1021.0620727539062,30.645999908447266,-8.808000564575195,39.454002380371094,17.092166900634766,-2.008333444595337
-88.9182181331571,37.5670646214528,0,13.277667045593262,13.277667045593262,24.26183319091797,1.3454999923706055,1196.0,125.0,78.0,16.715669631958008,364.0,253.0,291.0,269.0,11.398500442504883,31.2099552154541,922.294189453125,31.21500015258789,-5.307000160217285,36.52199935913086,13.125166893005371,19.806833267211914
-89.6086823812555,38.5925334092131,0,12.539833068847656,12.539833068847656,24.24933433532715,-0.1901666671037674,976.0,105.0,50.0,19.524993896484375,296.0,185.0,265.0,185.0,11.481499671936035,30.02170181274414,984.2421875,31.3439998626709,-6.900000095367432,38.24399948120117,17.883167266845703,-0.1901666671037674
-89.9890771999315,38.7035638590838,0,12.59000015258789,12.59000015258789,24.2988338470459,-0.14566664397716522,973.0,103.0,51.0,19.251802444458008,293.0,183.0,272.0,183.0,11.264833450317383,29.537033081054688,983.813720703125,31.301000595092773,-6.836999893188477,38.13800048828125,17.970333099365234,-0.14566664397716522
-89.2683227215327,40.9130788029616,0,10.086708068847656,10.086708068847656,22.398500442504883,-3.6466665267944336,946.0,104.0,38.0,28.866077423095703,304.0,140.0,288.0,140.0,11.742416381835938,29.32671546936035,1051.0894775390625,29.647001266479492,-10.392999649047852,40.040000915527344,20.45050048828125,-3.6466665267944336
-88.997946537099,40.0985155722446,0,10.895291328430176,10.895291328430176,22.959333419799805,-2.436000108718872,993.0,111.0,43.0,25.69561195373535,310.0,163.0,296.0,163.0,11.509249687194824,29.3775691986084,1024.21435546875,30.177000045776367,-9.0,39.177001953125,21.002666473388672,-2.436000108718872
-90.2910080663893,39.8395986357841,0,11.287541389465332,11.287541389465332,23.318666458129883,-2.1054999828338623,958.0,116.0,37.0,29.079143524169922,313.0,142.0,282.0,142.0,11.831417083740234,29.940826416015625,1024.1768798828125,30.645999908447266,-8.869999885559082,39.51599884033203,21.35733413696289,-2.1054999828338623
-88.8429681840897,39.485682821911,0,11.591416358947754,11.591416358947754,23.439666748046875,-1.5513334274291992,1005.0,106.0,52.0,21.839052200317383,314.0,181.0,292.0,181.0,11.709166526794434,30.07131004333496,1008.1528930664062,30.719999313354492,-8.218000411987305,38.9379997253418,21.47249984741211,-1.5513334274291992
-89.4139648054994,39.5912294175452,0,11.577208518981934,11.577208518981934,23.450166702270508,-1.627833366394043,970.0,108.0,47.0,23.682964324951172,306.0,166.0,285.0,166.0,11.805749893188477,30.223108291625977,1010.4193725585938,30.788999557495117,-8.27299976348877,39.0620002746582,17.258832931518555,-1.627833366394043
-89.7624057943903,41.1744113971784,0,9.602333068847656,9.602333068847656,22.20400047302246,-4.473666667938232,941.0,109.0,34.0,33.16937255859375,311.0,126.0,308.0,126.0,11.653666496276855,28.52934455871582,1074.475341796875,29.53499984741211,-11.312999725341797,40.847999572753906,20.192333221435547,-4.473666667938232
-89.6615528503007,38.675512830451,0,12.43679141998291,12.43679141998291,24.185501098632812,-0.3591667115688324,975.0,105.0,50.0,19.69403648376465,297.0,184.0,265.0,184.0,11.471416473388672,29.89761734008789,988.257080078125,31.275999069213867,-7.0929999351501465,38.36899948120117,17.814001083374023,-0.3591667115688324
-89.6674159690981,40.9587684559039,0,9.981916427612305,9.981916427612305,22.37700080871582,-3.942166805267334,935.0,103.0,35.0,30.84295654296875,303.0,131.0,290.0,131.0,11.797833442687988,29.08234214782715,1061.03173828125,29.708999633789062,-10.857999801635742,40.56700134277344,15.969500541687012,-3.942166805267334
-89.4952508576924,37.9066252717523,0,13.190666198730469,13.190666198730469,24.390666961669922,1.0531666278839111,1123.0,118.0,65.0,17.876956939697266,337.0,229.0,291.0,229.0,11.473666191101074,31.068687438964844,939.1297607421875,31.451000213623047,-5.479000091552734,36.93000030517578,12.993499755859375,1.0531666278839111
-88.6915303264598,41.2507074605329,0,9.874541282653809,9.874541282653809,22.18316650390625,-3.8493332862854004,914.0,102.0,34.0,30.415733337402344,298.0,131.0,291.0,131.0,11.283583641052246,28.306615829467773,1049.0677490234375,29.229000091552734,-10.633000373840332,39.86199951171875,20.139333724975586,-3.8493332862854004
-90.8008694454814,40.0715506659356,0,11.05412483215332,11.05412483215332,23.25116729736328,-2.3475000858306885,966.0,114.0,36.0,30.2887020111084,313.0,136.0,287.0,136.0,11.387249946594238,28.763671875,1029.94384765625,30.513999938964844,-9.075000762939453,39.5890007019043,21.148834228515625,-2.3475000858306885
-89.9094302115103,41.7763719893752,0,9.042500495910645,9.042500495910645,21.805999755859375,-5.183000087738037,959.0,119.0,36.0,35.94749069213867,330.0,125.0,327.0,125.0,11.68649959564209,28.256244659423828,1088.8055419921875,29.117000579833984,-12.241999626159668,41.35900115966797,15.27649974822998,-5.183000087738037
-88.5026966330651,42.3361768070076,0,8.340707778930664,8.340707778930664,21.02316665649414,-5.4708333015441895,918.0,107.0,32.0,34.78218460083008,317.0,121.0,317.0,121.0,11.443083763122559,28.114992141723633,1066.4720458984375,28.575000762939453,-12.12600040435791,40.70100021362305,21.02316665649414,-5.4708333015441895
-88.0981850073836,39.3243877173368,0,11.70425033569336,11.70425033569336,23.434165954589844,-1.1410001516342163,1044.0,111.0,55.0,20.054630279541016,318.0,195.0,301.0,195.0,11.132833480834961,29.239988327026367,989.3700561523438,30.437000274658203,-7.63700008392334,38.07400131225586,21.410999298095703,-1.1410001516342163
-89.3484693259114,39.8731914861099,0,11.334375381469727,11.334375381469727,23.266332626342773,-2.0244998931884766,957.0,109.0,44.0,25.59891700744629,308.0,157.0,290.0,157.0,11.840749740600586,30.229127883911133,1020.9827270507812,30.493000030517578,-8.677000045776367,39.16999816894531,21.424833297729492,-2.0244998931884766
-89.6211670950982,38.8031133469285,0,12.333208084106445,12.333208084106445,24.115999221801758,-0.5238332152366638,976.0,105.0,49.0,20.266456604003906,298.0,181.0,267.0,181.0,11.449749946594238,29.765897750854492,991.543701171875,31.249000549316406,-7.2170000076293945,38.465999603271484,17.720666885375977,-0.5238332152366638
-89.9609405079435,41.023159023885,0,9.885208129882812,9.885208129882812,22.407833099365234,-4.111666679382324,944.0,107.0,35.0,32.0797004699707,310.0,129.0,306.0,129.0,11.532249450683594,28.420656204223633,1069.3162841796875,29.618000030517578,-10.958999633789062,40.57699966430664,20.443500518798828,-4.111666679382324
-88.0458742912441,42.0711492764298,0,9.550958633422852,9.550958633422852,22.01016616821289,-3.8888332843780518,913.0,106.0,35.0,30.875865936279297,303.0,133.0,303.0,133.0,10.988250732421875,27.72500228881836,1042.9984130859375,29.242000579833984,-10.390999794006348,39.632999420166016,22.01016616821289,-3.8888332843780518
-88.7547393099742,38.7247870295854,0,12.327166557312012,12.327166557312012,23.909334182739258,-0.33633336424827576,1041.0,109.0,53.0,20.56527328491211,312.0,203.0,281.0,203.0,11.718832969665527,30.71455955505371,975.5956420898438,31.246000289916992,-6.9079999923706055,38.15399932861328,21.857166290283203,-0.33633336424827576
-89.6654541550425,40.6695504500571,0,10.682833671569824,10.682833671569824,23.145000457763672,-3.069833278656006,936.0,104.0,38.0,28.97600746154785,306.0,139.0,287.0,139.0,11.276166915893555,27.981950759887695,1055.0865478515625,30.391000747680664,-9.906999588012695,40.29800033569336,21.004667282104492,-3.069833278656006
-89.674558623954,41.3011982466972,0,9.534375190734863,9.534375190734863,22.137666702270508,-4.573999881744385,941.0,110.0,33.0,33.870296478271484,312.0,124.0,310.0,124.0,11.682416915893555,28.483278274536133,1076.59912109375,29.51799964904785,-11.496999740600586,41.01499938964844,15.594667434692383,-4.573999881744385
-90.1238858767078,42.0001857807884,0,8.946125030517578,8.946125030517578,21.780000686645508,-5.329999923706055,922.0,116.0,34.0,36.765811920166016,320.0,117.0,320.0,117.0,11.419917106628418,27.418109893798828,1092.790771484375,29.16200065612793,-12.48900032043457,41.6510009765625,21.780000686645508,-5.329999923706055
-90.3822584132622,41.0626548844242,0,9.944999694824219,9.944999694824219,22.525333404541016,-4.006666660308838,955.0,112.0,35.0,33.69301223754883,322.0,127.0,321.0,127.0,11.0426664352417,27.49188804626465,1068.639892578125,29.483999252319336,-10.682999610900879,40.16699981689453,20.510833740234375,-4.006666660308838
-88.6790538452702,41.627550231275,0,9.367833137512207,9.367833137512207,21.840665817260742,-4.5363335609436035,924.0,106.0,31.0,33.07683181762695,305.0,125.0,304.0,125.0,11.446166038513184,28.37704849243164,1063.2210693359375,28.910999298095703,-11.425000190734863,40.33599853515625,19.87566566467285,-4.5363335609436035
-90.6511787911913,40.2976530223021,0,10.864500045776367,10.864500045776367,23.11949920654297,-2.688500165939331,948.0,108.0,36.0,30.590774536132812,309.0,132.0,289.0,132.0,11.55816650390625,28.968563079833984,1039.203369140625,30.413999557495117,-9.484999656677246,39.89899826049805,21.076499938964844,-2.688500165939331
-88.7990363640566,37.2366523083632,0,13.996707916259766,13.996707916259766,24.87933349609375,2.2178332805633545,1228.0,124.0,79.0,15.140998840332031,367.0,260.0,293.0,288.0,11.968083381652832,32.80095291137695,913.2277221679688,31.979000091552734,-4.507999897003174,36.48699951171875,13.866167068481445,20.422666549682617
-88.8759899959045,40.7635582393734,0,10.232250213623047,10.232250213623047,22.478166580200195,-3.4216668605804443,938.0,103.0,40.0,27.13362693786621,301.0,145.0,286.0,145.0,11.609333038330078,29.289871215820312,1045.8629150390625,29.506999969482422,-10.129000663757324,39.63600158691406,20.58733367919922,-3.4216668605804443
-89.5447681826881,38.6589267862744,0,12.564708709716797,12.564708709716797,24.316499710083008,-0.17899997532367706,982.0,105.0,50.0,19.23225975036621,296.0,188.0,264.0,188.0,11.476916313171387,29.898704528808594,986.5439453125,31.41900062561035,-6.9670000076293945,38.38600158691406,17.89750099182129,-0.17899997532367706
-88.4669192596914,40.6098989954685,0,10.279166221618652,10.279166221618652,22.363332748413086,-3.249666690826416,916.0,101.0,38.0,27.254817962646484,294.0,145.0,284.0,145.0,11.468667030334473,29.262027740478516,1035.444580078125,29.382999420166016,-9.8100004196167,39.19300079345703,20.522666931152344,-3.249666690826416
-89.627769963768,40.4647378048897,0,10.866250038146973,10.866250038146973,23.1510009765625,-2.822000026702881,937.0,104.0,40.0,27.267038345336914,301.0,146.0,283.0,146.0,11.55916690826416,28.912372589111328,1047.751708984375,30.28700065612793,-9.692999839782715,39.97999954223633,21.158832550048828,-2.822000026702881
-87.9473537167579,40.5807770501497,0,10.412125587463379,10.412125587463379,22.51449966430664,-2.990666627883911,948.0,104.0,41.0,27.177865982055664,307.0,149.0,296.0,149.0,11.56308364868164,29.38671112060547,1030.44091796875,29.714000701904297,-9.633999824523926,39.347999572753906,20.571666717529297,-2.990666627883911
-87.8746624820764,39.8398765216936,0,11.016958236694336,11.016958236694336,22.88283348083496,-2.2230000495910645,1034.0,115.0,51.0,24.207382202148438,329.0,178.0,320.0,178.0,11.322750091552734,29.506305694580078,1014.0117797851562,29.76099967956543,-8.61299991607666,38.374000549316406,21.05266571044922,-2.2230000495910645
-88.7494455262135,40.4755755856166,0,10.324291229248047,10.324291229248047,22.451499938964844,-3.0933334827423096,950.0,105.0,41.0,26.74760627746582,301.0,152.0,288.0,152.0,11.255249977111816,28.816020965576172,1032.449951171875,29.402999877929688,-9.656000137329102,39.058998107910156,20.5401668548584,-3.0933334827423096
-89.8829271489199,41.7174605573047,0,9.370333671569824,9.370333671569824,22.128665924072266,-4.875499725341797,949.0,117.0,35.0,36.06698989868164,326.0,123.0,325.0,123.0,11.66100025177002,28.247861862182617,1089.1783447265625,29.399999618530273,-11.880999565124512,41.28099822998047,20.177000045776367,-4.875499725341797
-87.9836790349466,42.4074249270808,0,8.545958518981934,8.545958518981934,20.735166549682617,-4.660333156585693,882.0,103.0,32.0,31.751293182373047,295.0,130.0,295.0,130.0,10.38758373260498,26.87046241760254,1024.6954345703125,27.541000366210938,-11.116999626159668,38.65800094604492,20.735166549682617,-4.660333156585693
-88.4297843652255,41.5004606727853,0,9.500499725341797,9.500499725341797,21.898666381835938,-4.288833141326904,932.0,104.0,34.0,31.22865867614746,302.0,131.0,298.0,131.0,11.579833984375,28.911277770996094,1055.87548828125,28.99799919128418,-11.055000305175781,40.053001403808594,19.94733428955078,-4.288833141326904
-88.6260640780698,38.9142855873484,0,12.193666458129883,12.193666458129883,23.853666305541992,-0.5850000381469727,1033.0,106.0,54.0,20.303897857666016,312.0,201.0,284.0,201.0,11.685667037963867,30.444108963012695,983.0704345703125,31.20800018310547,-7.176000118255615,38.38399887084961,21.798667907714844,-0.5850000381469727
-88.4729979156382,39.0199594413148,0,11.947208404541016,11.947208404541016,23.642166137695312,-0.8554999232292175,1028.0,104.0,55.0,19.969045639038086,312.0,199.0,287.0,199.0,11.424249649047852,29.815093994140625,986.21240234375,30.85700035095215,-7.460000038146973,38.31700134277344,21.551000595092773,-0.8554999232292175
-90.5424315609033,41.4407590203345,0,10.122791290283203,10.122791290283203,23.04199981689453,-4.038666725158691,930.0,118.0,29.0,37.45821762084961,328.0,116.0,328.0,116.0,11.025250434875488,26.86333656311035,1089.298095703125,30.19499969482422,-10.847000122070312,41.04199981689453,23.04199981689453,-4.038666725158691
-89.298344350263,38.0841087724008,0,13.029208183288574,13.029208183288574,24.46733283996582,0.6236665844917297,1072.0,114.0,60.0,18.099998474121094,323.0,213.0,275.0,213.0,11.488082885742188,30.62672233581543,959.385009765625,31.548999786376953,-5.960999965667725,37.5099983215332,12.873167037963867,0.6236665844917297
-88.7588674942553,40.4036104378289,0,10.462750434875488,10.462750434875488,22.579833984375,-2.941166639328003,960.0,106.0,41.0,26.556909561157227,302.0,155.0,289.0,155.0,11.309666633605957,28.895416259765625,1030.4232177734375,29.578001022338867,-9.562000274658203,39.13999938964844,20.67216682434082,-2.941166639328003
-89.5494120676561,41.0129472666745,0,9.915166854858398,9.915166854858398,22.295833587646484,-3.9566667079925537,935.0,105.0,34.0,31.81214141845703,305.0,129.0,295.0,129.0,11.859000205993652,29.317676544189453,1058.806884765625,29.66699981689453,-10.782999992370605,40.45000076293945,20.327667236328125,-3.9566667079925537
-87.9424760666231,38.5661759316486,0,12.716833114624023,12.716833114624023,24.159000396728516,0.23499996960163116,1125.0,122.0,65.0,19.125524520874023,343.0,223.0,294.0,223.0,11.496999740600586,30.632526397705078,962.9120483398438,31.30900001525879,-6.2230000495910645,37.53200149536133,12.645000457763672,0.23499996960163116
-89.6165550798764,37.7774957352652,0,13.352582931518555,13.352582931518555,24.610332489013672,1.0271666049957275,1115.0,115.0,63.0,17.87746810913086,331.0,229.0,293.0,229.0,11.973833084106445,31.726327896118164,950.647216796875,31.906999588012695,-5.834000110626221,37.74100112915039,13.22366714477539,1.0271666049957275
-90.3266976381989,39.9504234484736,0,11.213125228881836,11.213125228881836,23.28766632080078,-2.2239999771118164,956.0,114.0,37.0,28.73609733581543,310.0,142.0,282.0,142.0,11.764583587646484,29.705543518066406,1027.2357177734375,30.604000091552734,-9.0,39.604000091552734,21.316999435424805,-2.2239999771118164
-88.1190872296268,41.4216254094115,0,9.950750350952148,9.950750350952148,22.26383399963379,-3.4591667652130127,935.0,103.0,36.0,30.114988327026367,302.0,137.0,297.0,137.0,11.267000198364258,28.33609962463379,1036.861083984375,29.545000076293945,-10.217000007629395,39.762001037597656,20.071001052856445,-3.4591667652130127
-91.0321211204744,40.5587918053663,0,10.705708503723145,10.705708503723145,23.14466667175293,-3.0898334980010986,958.0,110.0,36.0,33.780357360839844,322.0,126.0,304.0,126.0,11.53791618347168,28.51825714111328,1056.8602294921875,30.406999588012695,-10.051000595092773,40.45800018310547,21.151832580566406,-3.0898334980010986
-89.888562984819,37.9224774385203,0,13.071791648864746,13.071791648864746,24.350666046142578,0.7608332633972168,1070.0,110.0,56.0,18.442230224609375,310.0,209.0,287.0,209.0,12.022916793823242,31.70098876953125,950.2080688476562,31.736000061035156,-6.190000057220459,37.92599868774414,12.858500480651855,0.7608332633972168
-89.275311543414,38.6437663934453,0,12.575875282287598,12.575875282287598,24.240833282470703,-0.14899997413158417,1005.0,106.0,49.0,20.081857681274414,300.0,194.0,265.0,194.0,11.259583473205566,29.41912841796875,983.3217163085938,31.36699867248535,-6.906000137329102,38.27299880981445,12.205166816711426,-0.14899997413158417
-88.7051122621778,37.8236257736253,0,13.289125442504883,13.289125442504883,24.39349937438965,1.2554999589920044,1151.0,121.0,74.0,17.732683181762695,353.0,240.0,287.0,251.0,11.87108325958252,32.06148147583008,930.9523315429688,31.583999633789062,-5.441999912261963,37.0260009765625,13.18083381652832,19.80816650390625
-88.2999998548206,37.9514625658328,0,13.24637508392334,13.24637508392334,24.399999618530273,1.0738333463668823,1129.0,123.0,72.0,19.254440307617188,352.0,229.0,281.0,243.0,11.825416564941406,31.796445846557617,939.5430908203125,31.599000930786133,-5.5920000076293945,37.191001892089844,13.170833587646484,19.83733367919922
-88.9197301792582,38.5047718813048,0,12.490416526794434,12.490416526794434,24.015832901000977,-0.0908333882689476,1048.0,111.0,53.0,20.224315643310547,316.0,205.0,276.0,205.0,11.623167037963867,30.560741424560547,969.71826171875,31.242000579833984,-6.7910003662109375,38.03300094604492,12.32550048828125,-0.0908333882689476
-90.5464733893234,38.908505004019,0,12.5912504196167,12.5912504196167,24.318666458129883,-0.1693332940340042,959.0,104.0,46.0,21.88300895690918,291.0,168.0,269.0,168.0,11.863499641418457,30.663753509521484,986.8072509765625,31.570999145507812,-7.118000030517578,38.68899917602539,22.25349998474121,-0.1693332940340042
-90.1684215369748,39.5234526619408,0,11.469833374023438,11.469833374023438,23.380666732788086,-1.6996667385101318,954.0,116.0,39.0,27.439334869384766,310.0,150.0,274.0,150.0,11.695333480834961,29.880769729614258,1009.9779052734375,30.65999984741211,-8.479999542236328,39.13999938964844,17.09316635131836,-1.6996667385101318
-89.4410125446638,40.2659137872247,0,10.868000030517578,10.868000030517578,23.062332153320312,-2.735166549682617,949.0,108.0,40.0,27.520145416259766,308.0,149.0,290.0,149.0,11.642666816711426,29.33770179748535,1041.6490478515625,30.183000564575195,-9.501999855041504,39.685001373291016,21.144332885742188,-2.735166549682617
-91.1312748922398,40.092552664102,0,11.096041679382324,11.096041679382324,23.405498504638672,-2.450666666030884,976.0,115.0,35.0,33.48085021972656,325.0,129.0,300.0,129.0,11.229249954223633,28.298095703125,1041.157470703125,30.493999481201172,-9.187999725341797,39.68199920654297,21.368165969848633,-2.450666666030884
-88.3314357820311,42.4821510688242,0,8.359999656677246,8.359999656677246,20.872333526611328,-5.261499881744385,905.0,106.0,32.0,33.453941345214844,310.0,125.0,310.0,125.0,11.178999900817871,27.811918258666992,1053.1669921875,28.251998901367188,-11.942999839782715,40.19499969482422,20.872333526611328,-5.261499881744385
-88.6923555384792,37.2697183229038,0,13.876083374023438,13.876083374023438,24.737167358398438,2.1088333129882812,1224.0,124.0,78.0,15.401020050048828,367.0,256.0,295.0,286.0,12.003166198730469,32.97210693359375,910.9133911132812,31.822999954223633,-4.580999851226807,36.40399932861328,13.821833610534668,20.242332458496094
-89.1224397715386,37.1627733967142,0,14.19558334350586,14.19558334350586,25.123666763305664,2.4851667881011963,1211.0,128.0,78.0,16.005292892456055,368.0,262.0,287.0,280.0,11.420166015625,31.526519775390625,913.2058715820312,32.117000579833984,-4.10699987411499,36.2239990234375,13.842999458312988,20.68083381652832
-90.6852526526156,40.0321739925735,0,11.132041931152344,11.132041931152344,23.324501037597656,-2.242166757583618,960.0,114.0,37.0,29.64365577697754,311.0,138.0,284.0,138.0,11.544417381286621,29.068151473999023,1028.5621337890625,30.672000885009766,-9.043000221252441,39.71500015258789,21.222667694091797,-2.242166757583618
-89.7771016325226,40.0889399446619,0,11.190083503723145,11.190083503723145,23.291166305541992,-2.318666696548462,916.0,103.0,39.0,26.445228576660156,290.0,145.0,274.0,145.0,11.6788330078125,29.489768981933594,1032.0892333984375,30.549999237060547,-9.053000450134277,39.60300064086914,21.33449935913086,-2.318666696548462
-88.8540340217485,38.0397266605987,0,13.079583168029785,13.079583168029785,24.42300033569336,0.7378332614898682,1097.0,116.0,67.0,17.716772079467773,337.0,231.0,269.0,231.0,11.784833908081055,31.427061080932617,953.8244018554688,31.593000411987305,-5.906000137329102,37.499000549316406,12.958499908447266,0.7378332614898682
-88.336876452086,41.2024382368395,0,9.999917030334473,9.999917030334473,22.222333908081055,-3.7043333053588867,914.0,99.0,35.0,29.472524642944336,296.0,135.0,285.0,135.0,11.654999732971191,29.337730407714844,1046.9666748046875,29.29800033569336,-10.428999900817871,39.72700119018555,20.341167449951172,-3.7043333053588867
-90.0786647713335,40.8922112918466,0,10.08275032043457,10.08275032043457,22.514667510986328,-3.7698333263397217,948.0,105.0,36.0,31.261362075805664,310.0,131.0,303.0,131.0,11.416000366210938,28.38812255859375,1059.4866943359375,29.665000915527344,-10.548999786376953,40.2140007019043,20.52483367919922,-3.7698333263397217
-88.0193620134829,42.0106692089057,0,9.550958633422852,9.550958633422852,22.01016616821289,-3.8888332843780518,913.0,106.0,35.0,30.875865936279297,303.0,133.0,303.0,133.0,10.988250732421875,27.72500228881836,1042.9984130859375,29.242000579833984,-10.390999794006348,39.632999420166016,22.01016616821289,-3.8888332843780518
-89.9976357834178,38.5750565934202,0,12.904375076293945,12.904375076293945,24.635833740234375,0.17549991607666016,974.0,103.0,52.0,18.788700103759766,293.0,185.0,270.0,185.0,11.452917098999023,29.989309310913086,984.72021484375,31.677000045776367,-6.513000011444092,38.189998626708984,18.317832946777344,0.17549991607666016
-90.3397466314094,39.5576926909983,0,11.463458061218262,11.463458061218262,23.355998992919922,-1.7350000143051147,945.0,115.0,38.0,27.62827491760254,308.0,147.0,270.0,147.0,11.717083930969238,29.905776977539062,1010.3824462890625,30.606000900268555,-8.574000358581543,39.18000030517578,17.121999740600586,-1.7350000143051147
-88.4814756177159,39.5848099881666,0,11.440041542053223,11.440041542053223,23.262500762939453,-1.724666714668274,1013.0,111.0,51.0,22.288436889648438,314.0,181.0,302.0,181.0,11.393916130065918,29.556970596313477,1009.2103881835938,30.312999725341797,-8.236000061035156,38.54899978637695,21.373332977294922,-1.724666714668274
-89.9334926415977,41.798778830055,0,9.125374794006348,9.125374794006348,21.93083381652832,-5.088000297546387,956.0,118.0,36.0,36.035160064697266,329.0,125.0,328.0,125.0,11.591917037963867,28.018749237060547,1088.92724609375,29.257999420166016,-12.11400032043457,41.37200164794922,19.919166564941406,-5.088000297546387
-90.1887216847929,42.4318648193031,0,8.142125129699707,8.142125129699707,21.028667449951172,-6.233666896820068,882.0,110.0,29.0,39.127628326416016,314.0,103.0,314.0,103.0,11.386750221252441,27.391090393066406,1099.034912109375,28.30699920654297,-13.263999938964844,41.57099914550781,21.028667449951172,-6.233666896820068
-88.7662951185357,38.2935355372614,0,12.762624740600586,12.762624740600586,24.180999755859375,0.3331666886806488,1079.0,115.0,62.0,19.024734497070312,332.0,217.0,269.0,217.0,11.768416404724121,31.16718292236328,960.489013671875,31.445999145507812,-6.313000202178955,37.75899887084961,12.63083267211914,0.3331666886806488
-90.5559756466436,39.0147298712203,0,12.150750160217285,12.150750160217285,23.74683380126953,-0.5769999623298645,953.0,103.0,43.0,23.066715240478516,290.0,162.0,270.0,162.0,11.658166885375977,30.241676330566406,977.8663940429688,31.09600067138672,-7.453999996185303,38.54999923706055,21.648500442504883,-0.5769999623298645
-87.6263076142723,38.890787035915,0,12.25012493133545,12.25012493133545,23.740999221801758,-0.3244999349117279,1100.0,121.0,62.0,19.72909927368164,333.0,207.0,308.0,207.0,11.21774959564209,29.862239837646484,968.2774658203125,30.757999420166016,-6.807000160217285,37.564998626708984,21.79399871826172,-0.3244999349117279
-88.2226914086216,38.7814728255402,0,12.365333557128906,12.365333557128906,23.970333099365234,-0.32966670393943787,1085.0,112.0,60.0,18.949403762817383,322.0,213.0,292.0,213.0,11.560667037963867,30.377241134643555,978.6339111328125,31.17099952697754,-6.886000156402588,38.05699920654297,12.213000297546387,-0.32966670393943787
-89.1149190784715,40.4199564419585,0,10.53012466430664,10.53012466430664,22.698667526245117,-2.999500036239624,960.0,108.0,40.0,27.495132446289062,307.0,152.0,289.0,152.0,11.524749755859375,29.162553787231445,1037.861083984375,29.724000930786133,-9.795000076293945,39.51900100708008,20.7864990234375,-2.999500036239624
-89.8191107485074,38.4439146725653,0,12.78183364868164,12.78183364868164,24.348833084106445,0.21666665375232697,973.0,104.0,53.0,18.689931869506836,295.0,187.0,268.0,187.0,11.576499938964844,30.571474075317383,971.3050537109375,31.493999481201172,-6.373000144958496,37.867000579833984,18.097665786743164,0.21666665375232697
-91.1559297294965,40.3142571688454,0,10.950916290283203,10.950916290283203,23.381500244140625,-2.759666681289673,967.0,114.0,35.0,34.1510124206543,325.0,125.0,301.0,125.0,11.326833724975586,28.257741928100586,1053.483642578125,30.5,-9.584000587463379,40.08399963378906,21.383333206176758,-2.759666681289673
-88.7670212785024,37.3798555074406,0,13.675125122070312,13.675125122070312,24.58566665649414,1.8536666631698608,1214.0,125.0,78.0,15.88066577911377,367.0,254.0,294.0,280.0,11.833582878112793,32.434993743896484,914.661376953125,31.655000686645508,-4.828999996185303,36.48400115966797,13.58133316040039,20.105667114257812
-90.4398202129375,40.9409790267181,0,10.090791702270508,10.090791702270508,22.576499938964844,-3.8485000133514404,953.0,112.0,35.0,33.491111755371094,322.0,127.0,319.0,127.0,11.238749504089355,28.054092407226562,1066.24951171875,29.524999618530273,-10.53600025177002,40.06100082397461,20.656166076660156,-3.8485000133514404
-90.0313822971692,41.1578948395696,0,9.773250579833984,9.773250579833984,22.33883285522461,-4.267666816711426,955.0,110.0,36.0,32.88556671142578,316.0,129.0,316.0,129.0,11.294000625610352,27.971370697021484,1072.19873046875,29.427000045776367,-10.949999809265137,40.37699890136719,20.376501083374023,-4.267666816711426
-91.0972480835743,39.9489353795895,0,11.230208396911621,11.230208396911621,23.472000122070312,-2.2304999828338623,984.0,116.0,34.0,32.8430061340332,324.0,132.0,298.0,132.0,11.109749794006348,28.270523071289062,1033.5843505859375,30.52899932861328,-8.769000053405762,39.29800033569336,21.430665969848633,-2.2304999828338623
-90.9476414407596,41.2072028039269,0,10.23941707611084,10.23941707611084,22.873332977294922,-3.872499942779541,895.0,105.0,29.0,36.96116638183594,305.0,108.0,305.0,108.0,11.487000465393066,28.211803436279297,1078.2734375,29.982999801635742,-10.734000205993652,40.71699905395508,22.873332977294922,-3.872499942779541
-89.2245200525841,38.0435199010513,0,13.216166496276855,13.216166496276855,24.634666442871094,0.8565000295639038,1090.0,117.0,64.0,18.226200103759766,331.0,219.0,276.0,219.0,11.59850025177002,30.891441345214844,957.0719604492188,31.756999969482422,-5.789000034332275,37.54600143432617,13.073332786560059,0.8565000295639038
-88.7144547377853,41.2909311870449,0,9.874541282653809,9.874541282653809,22.18316650390625,-3.8493332862854004,914.0,102.0,34.0,30.415733337402344,298.0,131.0,291.0,131.0,11.283583641052246,28.306615829467773,1049.0677490234375,29.229000091552734,-10.633000373840332,39.86199951171875,20.139333724975586,-3.8493332862854004
-88.4917636877911,41.2906076215397,0,9.902791976928711,9.902791976928711,22.180665969848633,-3.7901668548583984,914.0,99.0,35.0,29.62751579284668,295.0,133.0,285.0,133.0,11.50491714477539,28.893033981323242,1047.476318359375,29.26799964904785,-10.551000595092773,39.819000244140625,20.211166381835938,-3.7901668548583984
-88.7095632275913,38.3042606063131,0,12.812167167663574,12.812167167663574,24.239999771118164,0.3946667015552521,1082.0,115.0,63.0,19.095396041870117,333.0,219.0,271.0,219.0,11.876334190368652,31.41056251525879,960.5596313476562,31.547000885009766,-6.263000011444092,37.810001373291016,12.678999900817871,0.3946667015552521
-89.6021858511724,41.274311601809,0,9.502249717712402,9.502249717712402,22.090999603271484,-4.6548333168029785,941.0,110.0,33.0,33.81918716430664,312.0,124.0,310.0,124.0,11.783500671386719,28.67868995666504,1078.30517578125,29.49799919128418,-11.59000015258789,41.08799743652344,20.096500396728516,-4.6548333168029785
-90.0744834553844,38.9924251185764,0,12.128958702087402,12.128958702087402,23.878833770751953,-0.673833429813385,974.0,105.0,48.0,20.924785614013672,294.0,176.0,274.0,176.0,11.30525016784668,29.48682975769043,987.5668334960938,30.928998947143555,-7.4110002517700195,38.34000015258789,17.513166427612305,-0.673833429813385
-89.7046937464076,40.5540656461544,0,11.009166717529297,11.009166717529297,23.253833770751953,-2.5831668376922607,931.0,103.0,39.0,27.940271377563477,301.0,142.0,283.0,142.0,11.477499961853027,28.77287483215332,1041.568115234375,30.44300079345703,-9.447000503540039,39.88999938964844,21.221332550048828,-2.5831668376922607
-87.5791730730701,38.8208487595823,0,12.569999694824219,12.569999694824219,24.057167053222656,-0.06183338165283203,1111.0,125.0,63.0,20.727575302124023,341.0,208.0,312.0,208.0,11.48466682434082,30.50052261352539,971.4830322265625,31.110000610351562,-6.544000148773193,37.65399932861328,22.161333084106445,-0.06183338165283203
-89.4556676599337,38.6550273188174,0,12.546875,12.546875,24.269166946411133,-0.18099994957447052,986.0,105.0,49.0,19.602807998657227,296.0,189.0,262.0,189.0,11.467916488647461,29.886159896850586,984.1371459960938,31.373998641967773,-6.998000144958496,38.37199783325195,17.84166717529297,-0.18099994957447052
-87.9735621062692,41.2905965115321,0,9.753125190734863,9.753125190734863,21.978166580200195,-3.7314999103546143,954.0,108.0,36.0,30.07368278503418,311.0,139.0,299.0,139.0,11.48758316040039,29.081018447875977,1037.6962890625,29.086999893188477,-10.414999961853027,39.50199890136719,15.485333442687988,-3.7314999103546143
-89.9057149061675,40.1499457411175,0,11.240458488464355,11.240458488464355,23.345500946044922,-2.250166654586792,926.0,104.0,39.0,26.48265266418457,294.0,146.0,277.0,146.0,11.680583000183105,29.433244705200195,1031.2586669921875,30.638999938964844,-9.046000480651855,39.685001373291016,21.389999389648438,-2.250166654586792
-88.5304244693137,37.6911640197028,0,13.575750350952148,13.575750350952148,24.631500244140625,1.5894999504089355,1171.0,123.0,77.0,17.767719268798828,359.0,239.0,294.0,258.0,12.089166641235352,32.584476470947266,928.4478149414062,31.902000427246094,-5.198999881744385,37.10100173950195,13.498000144958496,20.049165725708008
-89.5259025449248,42.2878851830624,0,8.369458198547363,8.369458198547363,21.198165893554688,-5.890999794006348,867.0,106.0,29.0,37.233375549316406,300.0,107.0,300.0,107.0,11.691916465759277,28.175331115722656,1092.1488037109375,28.570999145507812,-12.925999641418457,41.49699783325195,21.198165893554688,-5.890999794006348
-90.2888048361253,40.7795901464746,0,10.257874488830566,10.257874488830566,22.684999465942383,-3.5785000324249268,934.0,110.0,33.0,33.09977340698242,311.0,124.0,308.0,124.0,11.326582908630371,28.245140075683594,1057.6700439453125,29.786998748779297,-10.314000129699707,40.10099792480469,20.656999588012695,-3.5785000324249268
-90.7232946174771,39.5017108153079,0,11.49987506866455,11.49987506866455,23.438499450683594,-1.6828333139419556,941.0,111.0,38.0,27.072847366333008,299.0,145.0,271.0,145.0,11.829750061035156,30.069011688232422,1011.7337036132812,30.78999900817871,-8.552000045776367,39.34199905395508,17.139667510986328,-1.6828333139419556
-90.2549715582481,41.2997955437702,0,9.759749412536621,9.759749412536621,22.459333419799805,-4.35966682434082,959.0,114.0,33.0,35.06767272949219,328.0,124.0,328.0,124.0,11.131999969482422,27.568103790283203,1080.7696533203125,29.380998611450195,-10.99899959564209,40.37999725341797,22.459333419799805,-4.35966682434082
-88.447132240033,37.1027542421771,0,14.152999877929688,14.152999877929688,24.894332885742188,2.568166732788086,1259.0,126.0,80.0,15.001019477844238,372.0,261.0,298.0,305.0,12.06583309173584,33.379905700683594,899.2006225585938,32.0369987487793,-4.109999656677246,36.14699935913086,13.988500595092773,20.47516632080078
-89.2107879450357,40.7019580323281,0,10.235291481018066,10.235291481018066,22.491666793823242,-3.3949999809265137,954.0,106.0,40.0,27.607534408569336,305.0,147.0,286.0,147.0,11.585750579833984,29.120168685913086,1044.7288818359375,29.63300132751465,-10.152999877929688,39.78600311279297,20.548999786376953,-3.3949999809265137
-89.7723991913863,41.5290639053621,0,9.544124603271484,9.544124603271484,22.246000289916992,-4.671833515167236,943.0,115.0,34.0,35.80784225463867,322.0,121.0,321.0,121.0,11.710749626159668,28.384191513061523,1085.2144775390625,29.562000274658203,-11.696000099182129,41.257999420166016,20.280500411987305,-4.671833515167236
-89.3304912735311,38.636825792147,0,12.575875282287598,12.575875282287598,24.240833282470703,-0.14899997413158417,1005.0,106.0,49.0,20.081857681274414,300.0,194.0,265.0,194.0,11.259583473205566,29.41912841796875,983.3217163085938,31.36699867248535,-6.906000137329102,38.27299880981445,12.205166816711426,-0.14899997413158417
-88.9717816286509,37.6739172231399,0,13.44404125213623,13.44404125213623,24.592666625976562,1.4163333177566528,1152.0,121.0,74.0,17.44565200805664,352.0,244.0,286.0,254.0,11.658583641052246,31.585660934448242,932.9519653320312,31.649999618530273,-5.261000156402588,36.9109992980957,13.293832778930664,19.987499237060547
-89.395945842775,39.2685665240913,0,11.701333045959473,11.701333045959473,23.559667587280273,-1.3975000381469727,998.0,109.0,50.0,22.649927139282227,316.0,176.0,280.0,176.0,11.747833251953125,30.062522888183594,1005.5267944335938,30.91900062561035,-8.159000396728516,39.0780029296875,17.257333755493164,-1.3975000381469727
-89.4128811420992,37.4342776396981,0,13.683083534240723,13.683083534240723,24.762332916259766,1.6171666383743286,1187.0,126.0,76.0,16.841815948486328,361.0,258.0,286.0,264.0,11.634332656860352,31.522523880004883,931.9313354492188,31.8489990234375,-5.059000015258789,36.907997131347656,13.590332984924316,20.220333099365234
-88.0844838999395,38.9318425263553,0,12.153541564941406,12.153541564941406,23.825166702270508,-0.6080000400543213,1059.0,108.0,58.0,19.24210548400879,314.0,205.0,294.0,205.0,11.362082481384277,29.85857391357422,983.5610961914062,30.924999237060547,-7.127999782562256,38.05299758911133,21.8125,-0.6080000400543213
-88.5655164099069,40.2608966551566,0,10.579667091369629,10.579667091369629,22.662334442138672,-2.7825000286102295,961.0,106.0,42.0,26.312204360961914,303.0,157.0,294.0,157.0,11.378999710083008,29.233139038085938,1028.0439453125,29.625,-9.300000190734863,38.92499923706055,20.763668060302734,-2.7825000286102295
-89.566285416724,40.3159426889995,0,10.897041320800781,10.897041320800781,23.090166091918945,-2.7308332920074463,939.0,106.0,40.0,27.356475830078125,303.0,147.0,286.0,147.0,11.655750274658203,29.34404945373535,1042.373291015625,30.214000701904297,-9.506999969482422,39.72100067138672,21.18899917602539,-2.7308332920074463
-87.5805348036164,41.0415837727028,0,9.925250053405762,9.925250053405762,22.03499984741211,-3.4755001068115234,978.0,107.0,39.0,28.003076553344727,313.0,150.0,301.0,150.0,11.451833724975586,28.993452072143555,1028.2427978515625,29.402000427246094,-10.096000671386719,39.49800109863281,20.03783416748047,-3.4755001068115234
-88.1870169772936,41.3449690894716,0,10.1788330078125,10.1788330078125,22.312667846679688,-3.05483341217041,930.0,102.0,36.0,29.848087310791016,300.0,137.0,292.0,137.0,11.225333213806152,28.50588607788086,1022.7849731445312,29.562000274658203,-9.817000389099121,39.37900161743164,20.134000778198242,-3.05483341217041
-89.2982597688585,40.7739424811341,0,10.11370849609375,10.11370849609375,22.396167755126953,-3.5963332653045654,951.0,105.0,39.0,28.411239624023438,305.0,143.0,287.0,143.0,11.676750183105469,29.238656997680664,1049.49072265625,29.554000854492188,-10.381999969482422,39.93600082397461,20.467666625976562,-3.5963332653045654
-89.6395072908945,41.6000767899351,0,9.390791893005371,9.390791893005371,22.066665649414062,-4.79449987411499,937.0,116.0,34.0,36.13896560668945,321.0,121.0,319.0,121.0,11.804916381835938,28.5743408203125,1083.5865478515625,29.4429988861084,-11.869999885559082,41.3129997253418,20.090999603271484,-4.79449987411499
-87.9782080383,39.6283079738203,0,11.332833290100098,11.332833290100098,23.089832305908203,-1.684499979019165,1041.0,115.0,53.0,22.146385192871094,323.0,187.0,314.0,187.0,11.17650032043457,29.352365493774414,999.895263671875,29.95599937438965,-8.121000289916992,38.07699966430664,21.20050048828125,-1.684499979019165
-88.4368240688061,41.8100666715061,0,9.190917015075684,9.190917015075684,21.682498931884766,-4.6023335456848145,937.0,108.0,33.0,32.692527770996094,310.0,129.0,310.0,129.0,11.4913330078125,28.46291732788086,1058.7613525390625,28.897998809814453,-11.475000381469727,40.37300109863281,21.682498931884766,-4.6023335456848145
-89.9316617770922,38.7868700286382,0,12.528416633605957,12.528416633605957,24.315834045410156,-0.30949994921684265,975.0,103.0,50.0,19.61883544921875,294.0,182.0,274.0,182.0,11.272167205810547,29.396705627441406,990.9685668945312,31.312000274658203,-7.0329999923706055,38.345001220703125,17.954999923706055,-0.30949994921684265
-90.6601947782494,40.1273179551949,0,11.01604175567627,11.01604175567627,23.22100067138672,-2.368499994277954,960.0,113.0,37.0,29.229433059692383,309.0,139.0,283.0,139.0,11.542250633239746,29.042221069335938,1030.4876708984375,30.5570011138916,-9.185999870300293,39.74300003051758,21.131834030151367,-2.368499994277954
-89.3710590801844,39.6848349030368,0,11.483083724975586,11.483083724975586,23.364667892456055,-1.747999906539917,965.0,109.0,46.0,24.427595138549805,307.0,163.0,287.0,163.0,11.801833152770996,30.169055938720703,1012.3275756835938,30.700000762939453,-8.418999671936035,39.11899948120117,21.44066619873047,-1.747999906539917
-89.0274957815065,41.1127550311039,0,9.913125038146973,9.913125038146973,22.267000198364258,-3.9110000133514404,924.0,101.0,36.0,29.747005462646484,299.0,133.0,290.0,133.0,11.786417007446289,29.38596534729004,1055.71533203125,29.40399932861328,-10.704999923706055,40.10900115966797,20.354000091552734,-3.9110000133514404
-91.0149999358533,39.6782622930129,0,11.413874626159668,11.413874626159668,23.522666931152344,-1.8869999647140503,965.0,112.0,37.0,28.96860694885254,309.0,140.0,286.0,140.0,11.450916290283203,29.046283721923828,1021.1263427734375,30.750999450683594,-8.67199993133545,39.42300033569336,21.420833587646484,-1.8869999647140503
-88.3564692236861,38.5362391793256,0,12.670042037963867,12.670042037963867,24.135665893554688,0.1860000640153885,1095.0,117.0,60.0,19.84402084350586,336.0,218.0,284.0,218.0,11.82491683959961,31.23162078857422,964.2460327148438,31.479999542236328,-6.381999969482422,37.86199951171875,12.543499946594238,0.1860000640153885
-89.0690884924856,37.2628922975408,0,13.904166221618652,13.904166221618652,24.924833297729492,2.01200008392334,1205.0,127.0,79.0,16.012603759765625,366.0,258.0,286.0,277.0,11.7926664352417,32.16415786743164,923.1183471679688,31.966999053955078,-4.697000026702881,36.663997650146484,13.801833152770996,20.3348331451416
-88.2099190997776,39.7340819607978,0,11.410083770751953,11.410083770751953,23.240833282470703,-1.7920000553131104,1021.0,115.0,51.0,22.59869956970215,318.0,184.0,309.0,184.0,11.360333442687988,29.601160049438477,1010.8076171875,30.211999893188477,-8.166000366210938,38.37799835205078,21.440500259399414,-1.7920000553131104
-90.0647109441428,39.6119775987591,0,11.406708717346191,11.406708717346191,23.265832901000977,-1.84850013256073,959.0,115.0,40.0,27.032045364379883,310.0,152.0,279.0,152.0,11.678750038146973,29.954729080200195,1013.6056518554688,30.45599937438965,-8.532000541687012,38.987998962402344,17.153833389282227,-1.84850013256073
-88.1376601426958,38.3987875625254,0,12.899499893188477,12.899499893188477,24.287166595458984,0.4726666510105133,1123.0,124.0,65.0,19.81283950805664,350.0,228.0,286.0,228.0,11.622166633605957,31.047086715698242,958.4891357421875,31.47599983215332,-5.958000183105469,37.433998107910156,12.798833847045898,0.4726666510105133
-88.3389058999511,38.3991495446381,0,12.867792129516602,12.867792129516602,24.305166244506836,0.3813333809375763,1113.0,121.0,62.0,20.208528518676758,348.0,224.0,282.0,224.0,11.806750297546387,31.260425567626953,963.047119140625,31.5939998626709,-6.174999713897705,37.76900100708008,12.767499923706055,0.3813333809375763
-88.4607288801539,37.9891904206933,0,13.28950023651123,13.28950023651123,24.536832809448242,1.0416667461395264,1128.0,121.0,73.0,19.03753089904785,351.0,231.0,279.0,241.0,12.075000762939453,32.1528434753418,946.6143188476562,31.81599998474121,-5.738999843597412,37.55500030517578,13.218999862670898,19.89116668701172
-90.8071318557643,39.9272867547407,0,11.108333587646484,11.108333587646484,23.24250030517578,-2.245833158493042,967.0,114.0,36.0,29.78441047668457,312.0,138.0,286.0,138.0,11.405333518981934,28.906461715698242,1025.4825439453125,30.4950008392334,-8.960999488830566,39.45600128173828,21.170000076293945,-2.245833158493042
-88.7005602809025,40.9685116528532,0,10.20441722869873,10.20441722869873,22.44966697692871,-3.43149995803833,921.0,102.0,37.0,28.152624130249023,299.0,140.0,289.0,140.0,11.490833282470703,29.045127868652344,1044.2142333984375,29.5,-10.062000274658203,39.5620002746582,20.524999618530273,-3.43149995803833
-90.7129618321892,40.1227434491643,0,11.140000343322754,11.140000343322754,23.38483428955078,-2.252833366394043,955.0,112.0,36.0,30.07499122619629,310.0,135.0,285.0,135.0,11.608333587646484,29.100130081176758,1031.3956298828125,30.79400062561035,-9.097000122070312,39.89099884033203,21.26016616821289,-2.252833366394043
-89.5628011491959,38.9320898710559,0,12.088874816894531,12.088874816894531,23.832834243774414,-0.8266667127609253,987.0,107.0,49.0,21.41512680053711,306.0,180.0,269.0,180.0,11.558083534240723,29.861989974975586,990.660888671875,31.131000518798828,-7.573999881744385,38.70500183105469,17.47366714477539,-0.8266667127609253
-89.038797011385,37.5404688912851,0,13.28112506866455,13.28112506866455,24.303667068481445,1.3494999408721924,1194.0,126.0,78.0,16.81402015686035,364.0,255.0,289.0,267.0,11.439416885375977,31.2817325592041,923.4899291992188,31.261999130249023,-5.307000160217285,36.569000244140625,13.118000030517578,19.814332962036133
-90.7261019371539,41.3724328015195,0,9.743124961853027,9.743124961853027,22.421499252319336,-4.349999904632568,922.0,113.0,29.0,37.70881652832031,325.0,113.0,325.0,113.0,11.240750312805176,27.739870071411133,1078.5582275390625,29.435998916625977,-11.086000442504883,40.52199935913086,22.421499252319336,-4.349999904632568
-89.6690393354307,40.8628438615824,0,10.013416290283203,10.013416290283203,22.357166290283203,-3.7966666221618652,937.0,103.0,36.0,29.988574981689453,302.0,134.0,288.0,134.0,11.6336669921875,28.871240615844727,1053.8272705078125,29.606000900268555,-10.689000129699707,40.29500198364258,15.935166358947754,-3.7966666221618652
-88.7881450421356,41.7443364378812,0,9.115374565124512,9.115374565124512,21.641666412353516,-4.839166641235352,923.0,107.0,29.0,34.252357482910156,308.0,121.0,308.0,121.0,11.424416542053223,28.31610679626465,1068.0770263671875,28.666000366210938,-11.680000305175781,40.34600067138672,21.641666412353516,-4.839166641235352
-88.0542896927557,39.1258993122011,0,11.88700008392334,11.88700008392334,23.555500030517578,-0.9068332314491272,1052.0,108.0,57.0,19.4830379486084,316.0,200.0,298.0,200.0,11.21299934387207,29.507118225097656,985.4411010742188,30.573999404907227,-7.427000045776367,38.000999450683594,21.56166648864746,-0.9068332314491272
-90.3939916573637,41.2246696997915,0,9.778374671936035,9.778374671936035,22.40916633605957,-4.261999607086182,959.0,114.0,34.0,34.6534538269043,327.0,125.0,327.0,125.0,11.113916397094727,27.613588333129883,1074.636962890625,29.3439998626709,-10.903999328613281,40.24800109863281,22.40916633605957,-4.261999607086182
-89.9845426257574,39.8942597156232,0,11.282708168029785,11.282708168029785,23.222667694091797,-2.139833450317383,941.0,110.0,39.0,26.901933670043945,302.0,148.0,278.0,148.0,11.770249366760254,30.009305953979492,1024.5550537109375,30.38800048828125,-8.833999633789062,39.22200012207031,21.381500244140625,-2.139833450317383
-88.2459255983354,39.2194537410646,0,11.824041366577148,11.824041366577148,23.522666931152344,-0.9938333034515381,1037.0,108.0,55.0,19.846481323242188,314.0,195.0,295.0,195.0,11.195917129516602,29.398725509643555,986.9505004882812,30.58500099182129,-7.498000144958496,38.08300018310547,21.49483299255371,-0.9938333034515381
-89.5469621737094,39.8678949399317,0,11.409500122070312,11.409500122070312,23.448667526245117,-1.9305000305175781,932.0,106.0,42.0,25.66716957092285,298.0,152.0,281.0,152.0,11.628999710083008,29.65220069885254,1021.8687744140625,30.694000244140625,-8.52400016784668,39.21800231933594,21.45366668701172,-1.9305000305175781
-89.7449018767174,38.0767850473854,0,13.103375434875488,13.103375434875488,24.50550079345703,0.7476667165756226,1074.0,112.0,58.0,18.36020278930664,316.0,209.0,286.0,209.0,11.900083541870117,31.416872024536133,955.67626953125,31.795000076293945,-6.0829997062683105,37.87799835205078,12.914833068847656,0.7476667165756226
-87.8275962475518,38.3718020894087,0,13.248000144958496,13.248000144958496,24.464500427246094,1.0681666135787964,1138.0,127.0,68.0,19.141929626464844,350.0,229.0,294.0,229.0,11.211833953857422,30.543296813964844,942.3372802734375,31.479999542236328,-5.228000164031982,36.70800018310547,13.04033374786377,1.0681666135787964
-89.538563917793,42.2856418144715,0,8.369458198547363,8.369458198547363,21.198165893554688,-5.890999794006348,867.0,106.0,29.0,37.233375549316406,300.0,107.0,300.0,107.0,11.691916465759277,28.175331115722656,1092.1488037109375,28.570999145507812,-12.925999641418457,41.49699783325195,21.198165893554688,-5.890999794006348
-90.6359753369768,39.4345806798206,0,11.771374702453613,11.771374702453613,23.632667541503906,-1.2506664991378784,936.0,110.0,38.0,26.568574905395508,298.0,147.0,268.0,147.0,11.867249488830566,30.227331161499023,1001.4774780273438,31.06999969482422,-8.1899995803833,39.2599983215332,17.318166732788086,-1.2506664991378784
-87.6035640646499,41.5624433771771,0,9.870458602905273,9.870458602905273,22.197999954223633,-3.4670000076293945,956.0,106.0,37.0,28.580097198486328,305.0,145.0,299.0,145.0,10.652417182922363,27.23080062866211,1033.2705078125,29.19700050354004,-9.92199993133545,39.11899948120117,15.200666427612305,-3.4670000076293945
-88.0147716789664,41.6843067279321,0,9.826125144958496,9.826125144958496,22.293498992919922,-3.6614999771118164,946.0,104.0,37.0,29.4482364654541,304.0,140.0,304.0,140.0,11.192416191101074,28.03079605102539,1044.49462890625,29.643999099731445,-10.28499984741211,39.92900085449219,22.293498992919922,-3.6614999771118164
-88.6295445925525,39.1806149627113,0,11.72962474822998,11.72962474822998,23.52400016784668,-1.2146666049957275,1010.0,106.0,53.0,20.781200408935547,311.0,190.0,287.0,190.0,11.416916847229004,29.57137680053711,997.651611328125,30.711999893188477,-7.895999908447266,38.608001708984375,21.464500427246094,-1.2146666049957275
-87.9886953973225,40.8357350347723,0,10.162375450134277,10.162375450134277,22.368667602539062,-3.373333215713501,941.0,102.0,39.0,27.90654945373535,303.0,145.0,291.0,145.0,11.690083503723145,29.40975570678711,1039.653076171875,29.628999710083008,-10.119999885559082,39.749000549316406,20.480833053588867,-3.373333215713501
-89.6493190607735,38.4940538899504,0,12.81179141998291,12.81179141998291,24.376667022705078,0.25016656517982483,988.0,105.0,52.0,18.60674285888672,296.0,190.0,267.0,190.0,11.44458293914795,30.241474151611328,970.3056640625,31.5049991607666,-6.339000225067139,37.843997955322266,18.065166473388672,0.25016656517982483
-89.9721425617931,42.4244327962743,0,7.975500106811523,7.975500106811523,20.842166900634766,-6.387666702270508,877.0,107.0,29.0,38.45332336425781,307.0,103.0,307.0,103.0,11.526666641235352,27.80592155456543,1098.87744140625,28.035999298095703,-13.418000221252441,41.45399856567383,20.842166900634766,-6.387666702270508
-89.2712281138418,37.2465105094723,0,13.817999839782715,13.817999839782715,24.85616683959961,1.9163333177566528,1201.0,129.0,78.0,16.437681198120117,367.0,262.0,283.0,274.0,11.500833511352539,31.380172729492188,923.8859252929688,31.868000030517578,-4.7820000648498535,36.650001525878906,13.625833511352539,20.326499938964844
-88.6071297370464,41.2080950488874,0,10.095333099365234,10.095333099365234,22.276166915893555,-3.4753332138061523,919.0,100.0,35.0,29.41004180908203,298.0,135.0,288.0,135.0,11.335000038146973,28.748605728149414,1039.9329833984375,29.243999481201172,-10.184000015258789,39.428001403808594,20.328332901000977,-3.4753332138061523
-89.1758866067808,37.3634309142982,0,13.557000160217285,13.557000160217285,24.61566734313965,1.5986666679382324,1205.0,128.0,80.0,16.517974853515625,367.0,260.0,285.0,274.0,11.549333572387695,31.442157745361328,926.6095581054688,31.597999572753906,-5.133999824523926,36.731998443603516,13.415499687194824,20.090999603271484
-89.1797500356648,39.4897834146988,0,11.63991641998291,11.63991641998291,23.489999771118164,-1.4780000448226929,995.0,108.0,51.0,22.45807456970215,313.0,176.0,287.0,176.0,11.759166717529297,30.137798309326172,1006.09814453125,30.85700035095215,-8.16100025177002,39.018001556396484,17.230667114257812,-1.4780000448226929
-89.4604097815884,41.7284165063134,0,9.175833702087402,9.175833702087402,21.79949951171875,-4.991000175476074,937.0,118.0,33.0,36.04633712768555,320.0,121.0,318.0,121.0,11.707833290100098,28.49799919128418,1081.1826171875,29.048999786376953,-12.034000396728516,41.08300018310547,15.34749984741211,-4.991000175476074
-88.1565515034668,38.9749718190071,0,12.153541564941406,12.153541564941406,23.825166702270508,-0.6080000400543213,1059.0,108.0,58.0,19.24210548400879,314.0,205.0,294.0,205.0,11.362082481384277,29.85857391357422,983.5610961914062,30.924999237060547,-7.127999782562256,38.05299758911133,21.8125,-0.6080000400543213
-88.2111871386213,37.533894289698,0,13.564791679382324,13.564791679382324,24.264999389648438,1.9541666507720947,1200.0,125.0,73.0,17.211265563964844,363.0,241.0,298.0,277.0,11.777750015258789,32.7214241027832,897.4120483398438,31.347000122070312,-4.646999835968018,35.99399948120117,13.45633316040039,19.899166107177734
-89.3139146970102,41.1629151538028,0,10.015666961669922,10.015666961669922,22.407499313354492,-3.7283334732055664,911.0,101.0,33.0,31.756427764892578,296.0,126.0,292.0,126.0,11.717499732971191,28.89642333984375,1052.143310546875,29.958999633789062,-10.5910005569458,40.54999923706055,20.277000427246094,-3.7283334732055664
-90.6701897813237,40.0216406506709,0,11.132041931152344,11.132041931152344,23.324501037597656,-2.242166757583618,960.0,114.0,37.0,29.64365577697754,311.0,138.0,284.0,138.0,11.544417381286621,29.068151473999023,1028.5621337890625,30.672000885009766,-9.043000221252441,39.71500015258789,21.222667694091797,-2.242166757583618
-88.720065326189,38.4090617064895,0,12.696833610534668,12.696833610534668,24.113500595092773,0.2474999874830246,1074.0,114.0,60.0,19.503480911254883,330.0,214.0,272.0,214.0,11.873332977294922,31.341285705566406,959.9368286132812,31.47800064086914,-6.406000137329102,37.884002685546875,12.581833839416504,0.2474999874830246
-88.1490600712199,39.5908611165025,0,11.388291358947754,11.388291358947754,23.145999908447266,-1.7190001010894775,1037.0,115.0,53.0,21.849397659301758,321.0,188.0,310.0,188.0,11.192583084106445,29.342971801757812,1004.1898193359375,30.01099967956543,-8.133000373840332,38.14400100708008,21.306499481201172,-1.7190001010894775
-90.0119445926932,40.4102108353885,0,11.077625274658203,11.077625274658203,23.345001220703125,-2.489000082015991,945.0,102.0,40.0,26.568038940429688,298.0,147.0,285.0,147.0,11.620583534240723,28.9385986328125,1040.060791015625,30.775999069213867,-9.380000114440918,40.15599822998047,21.28416633605957,-2.489000082015991
-88.8127000101026,39.5075731508358,0,11.534708023071289,11.534708023071289,23.352333068847656,-1.6718332767486572,1004.0,105.0,51.0,22.195659637451172,314.0,178.0,295.0,178.0,11.664416313171387,30.038156509399414,1010.5093383789062,30.576000213623047,-8.255999565124512,38.832000732421875,21.46816635131836,-1.6718332767486572
-90.2582573663927,41.3562430244308,0,9.670833587646484,9.670833587646484,22.4146671295166,-4.504833221435547,958.0,114.0,32.0,35.55033874511719,330.0,122.0,330.0,122.0,11.10716724395752,27.435941696166992,1084.8319091796875,29.298999786376953,-11.184999465942383,40.48400115966797,22.4146671295166,-4.504833221435547
-88.8177479319933,38.4711047266659,0,12.547333717346191,12.547333717346191,23.96299934387207,0.05249996855854988,1063.0,113.0,57.0,19.691308975219727,324.0,210.0,274.0,210.0,11.769000053405762,31.129980087280273,960.9235229492188,31.29199981689453,-6.513999938964844,37.805999755859375,12.437167167663574,0.05249996855854988
-90.7318093609429,41.4504552416692,0,9.876375198364258,9.876375198364258,22.59866714477539,-4.147833347320557,903.0,113.0,27.0,38.3302001953125,321.0,110.0,321.0,110.0,10.970916748046875,27.017303466796875,1076.157958984375,29.67799949645996,-10.928999900817871,40.606998443603516,22.59866714477539,-4.147833347320557
-89.7270265270781,41.5555250345978,0,9.514249801635742,9.514249801635742,22.191665649414062,-4.689499855041504,940.0,115.0,34.0,35.823543548583984,320.0,121.0,319.0,121.0,11.757499694824219,28.51132583618164,1083.43017578125,29.535999298095703,-11.70199966430664,41.237998962402344,20.212833404541016,-4.689499855041504
-88.5332888433087,39.1636202616228,0,11.967333793640137,11.967333793640137,23.800167083740234,-0.9436666369438171,1012.0,105.0,53.0,20.761669158935547,312.0,193.0,286.0,193.0,11.415833473205566,29.56703758239746,996.3104248046875,31.02400016784668,-7.585999965667725,38.61000061035156,21.688499450683594,-0.9436666369438171
-89.6725237744343,40.8311593416257,0,10.189833641052246,10.189833641052246,22.54716682434082,-3.5330002307891846,936.0,103.0,37.0,29.415063858032227,303.0,136.0,287.0,136.0,11.439167022705078,28.47547149658203,1049.877197265625,29.788999557495117,-10.383000373840332,40.172000885009766,20.449832916259766,-3.5330002307891846
-89.4401010409336,40.4435657956965,0,10.671083450317383,10.671083450317383,22.903833389282227,-2.882499933242798,953.0,106.0,40.0,27.400941848754883,307.0,149.0,288.0,149.0,11.463666915893555,28.842315673828125,1039.787841796875,30.07200050354004,-9.673999786376953,39.746002197265625,20.862667083740234,-2.882499933242798
-88.8513008872053,39.9450536335057,0,11.187958717346191,11.187958717346191,23.10883331298828,-2.0975000858306885,995.0,110.0,46.0,25.189149856567383,316.0,167.0,303.0,167.0,11.68458366394043,29.93514060974121,1018.8671264648438,30.34600067138672,-8.687000274658203,39.03300094604492,21.27516746520996,-2.0975000858306885
-89.9782718884675,41.4396673937607,0,9.770916938781738,9.770916938781738,22.5396671295166,-4.480833053588867,945.0,112.0,34.0,34.856903076171875,322.0,123.0,322.0,123.0,11.498332977294922,27.97648048400879,1088.2825927734375,29.756999969482422,-11.342999458312988,41.099998474121094,22.5396671295166,-4.480833053588867
-89.378767105478,37.9658624479319,0,13.334291458129883,13.334291458129883,24.67533302307129,1.0385000705718994,1100.0,117.0,64.0,17.959430694580078,331.0,223.0,283.0,223.0,11.673749923706055,31.285175323486328,951.8495483398438,31.77899932861328,-5.534999847412109,37.31399917602539,13.219500541687012,1.0385000705718994
-90.1794529557874,39.7833988131044,0,11.344499588012695,11.344499588012695,23.357166290283203,-1.9804999828338623,961.0,118.0,36.0,29.51711654663086,316.0,143.0,283.0,143.0,11.791166305541992,29.9215030670166,1020.6962280273438,30.687999725341797,-8.718999862670898,39.40699768066406,17.0848331451416,-1.9804999828338623
-87.9253055255802,42.0667799995478,0,9.683792114257812,9.683792114257812,22.096166610717773,-3.6710000038146973,912.0,107.0,36.0,29.862428665161133,300.0,137.0,300.0,137.0,10.793916702270508,27.486419677734375,1038.0213623046875,29.194000244140625,-10.076000213623047,39.27000045776367,22.096166610717773,-3.6710000038146973
-89.7550156240868,37.8884082194521,0,13.319083213806152,13.319083213806152,24.634666442871094,0.9710000157356262,1081.0,111.0,58.0,18.236358642578125,315.0,215.0,288.0,215.0,12.200333595275879,32.042057037353516,953.1823120117188,32.071998596191406,-6.004000186920166,38.07600021362305,13.150500297546387,0.9710000157356262
-88.6290708519748,37.8994340960382,0,13.217583656311035,13.217583656311035,24.381332397460938,1.0481666326522827,1141.0,120.0,74.0,17.93596076965332,351.0,238.0,283.0,246.0,11.950333595275879,32.0203971862793,939.0529174804688,31.60700035095215,-5.714000225067139,37.32099914550781,13.133500099182129,19.80699920654297
-89.655525670636,42.1940647360419,0,8.278166770935059,8.278166770935059,21.022666931152344,-5.931833267211914,892.0,109.0,30.0,37.035736083984375,306.0,110.0,306.0,110.0,11.622833251953125,28.21144676208496,1088.2325439453125,28.256999969482422,-12.941999435424805,41.198997497558594,21.022666931152344,-5.931833267211914
-88.1523207977945,39.2851523421902,0,11.70425033569336,11.70425033569336,23.434165954589844,-1.1410001516342163,1044.0,111.0,55.0,20.054630279541016,318.0,195.0,301.0,195.0,11.132833480834961,29.239988327026367,989.3700561523438,30.437000274658203,-7.63700008392334,38.07400131225586,21.410999298095703,-1.1410001516342163
-89.3941317538071,38.255144546689,0,12.85562515258789,12.85562515258789,24.39383316040039,0.32300010323524475,1032.0,109.0,54.0,18.325380325317383,309.0,203.0,268.0,203.0,11.39091682434082,30.197011947631836,968.8255004882812,31.475000381469727,-6.246999740600586,37.72200012207031,12.673500061035156,0.32300010323524475
-89.1093519964293,39.3796095845898,0,11.605000495910645,11.605000495910645,23.464500427246094,-1.5133333206176758,1010.0,108.0,52.0,21.81112289428711,315.0,182.0,287.0,182.0,11.708166122436523,30.08110237121582,1006.5126342773438,30.77400016784668,-8.14799976348877,38.922000885009766,17.158832550048828,-1.5133333206176758
-90.3615504717968,41.3178994302522,0,9.77649974822998,9.77649974822998,22.486833572387695,-4.301833152770996,957.0,115.0,33.0,35.0155143737793,328.0,124.0,328.0,124.0,11.151666641235352,27.58879280090332,1078.5579833984375,29.433000564575195,-10.98799991607666,40.42100143432617,22.486833572387695,-4.301833152770996
-90.8165576410014,41.4331980834329,0,9.833833694458008,9.833833694458008,22.52750015258789,-4.156833648681641,905.0,111.0,28.0,38.084800720214844,320.0,110.0,320.0,110.0,10.957500457763672,27.004878997802734,1074.3731689453125,29.607999801635742,-10.968000411987305,40.57600021362305,22.52750015258789,-4.156833648681641
-88.0192781629645,42.1166402646371,0,9.27762508392334,9.27762508392334,21.6386661529541,-4.08650016784668,904.0,106.0,34.0,31.497236251831055,303.0,131.0,303.0,131.0,10.823249816894531,27.506481170654297,1036.458740234375,28.777000427246094,-10.571000099182129,39.347999572753906,21.6386661529541,-4.08650016784668
-91.0182477682358,39.5119834990677,0,11.843291282653809,11.843291282653809,23.84149932861328,-1.3485000133514404,942.0,109.0,38.0,27.340904235839844,297.0,142.0,275.0,142.0,11.957083702087402,30.209148406982422,1014.4307250976562,31.29800033569336,-8.282999992370605,39.58100128173828,17.48550033569336,-1.3485000133514404
-88.6586121727344,38.7360558489385,0,12.387624740600586,12.387624740600586,23.94533348083496,-0.32316669821739197,1054.0,110.0,56.0,20.03874969482422,315.0,208.0,283.0,208.0,11.854083061218262,30.952224731445312,976.5540161132812,31.333999633789062,-6.964000225067139,38.29800033569336,12.2698335647583,-0.32316669821739197
-89.5273997139211,42.4862615142887,0,7.884083271026611,7.884083271026611,20.732833862304688,-6.425333499908447,871.0,107.0,29.0,38.093807220458984,306.0,105.0,306.0,105.0,11.71933364868164,28.141033172607422,1095.5335693359375,28.12700080871582,-13.517999649047852,41.64500045776367,20.732833862304688,-6.425333499908447
-88.7725186106167,38.8747784601663,0,12.090958595275879,12.090958595275879,23.808834075927734,-0.7643333077430725,1027.0,106.0,53.0,20.674917221069336,311.0,199.0,281.0,199.0,11.688583374023438,30.36389923095703,990.5879516601562,31.095001220703125,-7.400000095367432,38.49500274658203,21.790332794189453,-0.7643333077430725
-89.7896495172178,40.7361395868533,0,10.262499809265137,10.262499809265137,22.61199951171875,-3.4228334426879883,942.0,103.0,38.0,28.96063232421875,305.0,138.0,290.0,138.0,11.322833061218262,28.313453674316406,1047.81640625,29.81599998474121,-10.175000190734863,39.99100112915039,20.50933265686035,-3.4228334426879883
-88.2325157045059,37.9733989308903,0,13.252166748046875,13.252166748046875,24.34950065612793,1.1449999809265137,1130.0,124.0,72.0,19.56546401977539,353.0,227.0,282.0,244.0,11.741666793823242,31.750537872314453,934.784423828125,31.5,-5.480999946594238,36.98099899291992,13.178833961486816,19.805334091186523
-89.8496036131174,39.4507203602877,0,11.534333229064941,11.534333229064941,23.380001068115234,-1.5776666402816772,962.0,110.0,44.0,24.118988037109375,303.0,163.0,275.0,163.0,11.613499641418457,29.973417282104492,1005.8510131835938,30.57900047302246,-8.166999816894531,38.746002197265625,17.146499633789062,-1.5776666402816772
-88.7698490293107,40.715326233549,0,10.303000450134277,10.303000450134277,22.4858341217041,-3.264000177383423,934.0,103.0,39.0,27.39826011657715,301.0,145.0,287.0,145.0,11.538999557495117,29.23856544494629,1040.5380859375,29.50200080871582,-9.963000297546387,39.46500015258789,20.609167098999023,-3.264000177383423
-87.9618771231959,42.1988551589178,0,9.1180419921875,9.1180419921875,21.37616729736328,-4.127333164215088,888.0,104.0,33.0,30.895065307617188,295.0,132.0,295.0,132.0,10.584250450134277,27.20257568359375,1028.5068359375,28.347999572753906,-10.560999870300293,38.909000396728516,21.37616729736328,-4.127333164215088
-88.9376359140889,41.3829352474365,0,9.738207817077637,9.738207817077637,22.148332595825195,-4.137666702270508,911.0,106.0,32.0,32.596927642822266,302.0,125.0,296.0,125.0,11.59375,28.806495666503906,1061.26318359375,29.174999237060547,-11.072000503540039,40.24700164794922,20.20716667175293,-4.137666702270508
-88.0775290522406,42.3524645489982,0,8.555291175842285,8.555291175842285,20.858333587646484,-4.779666900634766,895.0,104.0,32.0,32.29199981689453,302.0,129.0,302.0,129.0,10.59041690826416,27.043275833129883,1034.5728759765625,27.83099937438965,-11.329999923706055,39.1609992980957,20.858333587646484,-4.779666900634766
-89.6660212659908,39.7337770917505,0,11.70979118347168,11.70979118347168,23.747333526611328,-1.59850013256073,939.0,107.0,43.0,24.66883659362793,298.0,157.0,277.0,157.0,11.521916389465332,29.385896682739258,1020.1547241210938,31.017000198364258,-8.192000389099121,39.20899963378906,17.357500076293945,-1.59850013256073
-90.1736170809514,40.6740253097128,0,10.387208938598633,10.387208938598633,22.796833038330078,-3.4155001640319824,942.0,109.0,35.0,31.651702880859375,309.0,129.0,303.0,129.0,11.428916931152344,28.432262420654297,1054.47998046875,29.999000549316406,-10.197999954223633,40.196998596191406,20.75116729736328,-3.4155001640319824
-89.9047184707232,38.439273928024,0,12.795708656311035,12.795708656311035,24.3348331451416,0.23649998009204865,974.0,104.0,53.0,18.781532287597656,295.0,186.0,270.0,186.0,11.512249946594238,30.47745704650879,969.9667358398438,31.430999755859375,-6.3420000076293945,37.77299880981445,18.104665756225586,0.23649998009204865
-90.1848718544622,40.3477718476329,0,10.879791259765625,10.879791259765625,23.10683250427246,-2.688833475112915,946.0,104.0,38.0,28.442956924438477,303.0,140.0,289.0,140.0,11.688583374023438,29.12824821472168,1038.73974609375,30.503999710083008,-9.624000549316406,40.12799835205078,21.082500457763672,-2.688833475112915
-88.3674628554447,39.4394671385833,0,11.550666809082031,11.550666809082031,23.381166458129883,-1.5540000200271606,1029.0,110.0,53.0,21.067768096923828,316.0,187.0,300.0,187.0,11.146166801452637,29.09998321533203,1006.9208374023438,30.30500030517578,-7.998000144958496,38.303001403808594,21.456499099731445,-1.5540000200271606
-89.9199358824484,42.2247391414332,0,8.335833549499512,8.335833549499512,21.047832489013672,-5.8394999504089355,915.0,111.0,33.0,36.24227523803711,314.0,114.0,314.0,114.0,11.723333358764648,28.13104820251465,1082.9644775390625,28.586999893188477,-13.086999893188477,41.67399978637695,21.047832489013672,-5.8394999504089355
-89.0992514467069,40.5767526433556,0,10.329416275024414,10.329416275024414,22.54366683959961,-3.2208333015441895,960.0,107.0,40.0,27.600757598876953,307.0,151.0,289.0,151.0,11.411833763122559,28.893644332885742,1039.8123779296875,29.542999267578125,-9.95300006866455,39.49599838256836,20.58733367919922,-3.2208333015441895
-88.5011560403791,40.6749172650041,0,10.339458465576172,10.339458465576172,22.45833396911621,-3.242500066757202,917.0,101.0,38.0,27.359560012817383,296.0,144.0,285.0,144.0,11.472249984741211,29.16327667236328,1038.956787109375,29.483999252319336,-9.854000091552734,39.33799743652344,20.609832763671875,-3.242500066757202
-87.6876935779993,40.1257680437122,0,10.836041450500488,10.836041450500488,22.73783302307129,-2.265333414077759,1018.0,112.0,48.0,26.05522346496582,332.0,166.0,319.0,166.0,11.257416725158691,29.13409996032715,1007.0455322265625,29.854000091552734,-8.78600025177002,38.63999938964844,20.67766571044922,-2.265333414077759
-89.1065579453261,38.2713174320097,0,12.766583442687988,12.766583442687988,24.288166046142578,0.2510000169277191,1057.0,112.0,57.0,18.63348960876465,320.0,210.0,269.0,210.0,11.527832984924316,30.511442184448242,967.5235595703125,31.421998977661133,-6.360000133514404,37.78199768066406,12.602832794189453,0.2510000169277191
-88.4858087282244,38.7470088282582,0,12.505541801452637,12.505541801452637,24.105667114257812,-0.18783347308635712,1066.0,111.0,57.0,19.872451782226562,320.0,210.0,285.0,210.0,11.839583396911621,30.931324005126953,977.7792358398438,31.479999542236328,-6.797000408172607,38.277000427246094,12.385666847229004,-0.18783347308635712
-88.5876095112003,40.9966776669284,0,10.156916618347168,10.156916618347168,22.45366668701172,-3.494666814804077,921.0,102.0,37.0,28.39728355407715,301.0,139.0,291.0,139.0,11.445500373840332,28.8321533203125,1046.852294921875,29.513999938964844,-10.183000564575195,39.696998596191406,20.5049991607666,-3.494666814804077
-89.7657839756079,37.9880478989647,0,13.093958854675293,13.093958854675293,24.405166625976562,0.7975000143051147,1078.0,111.0,57.0,18.396934509277344,314.0,211.0,289.0,211.0,11.995750427246094,31.676965713500977,949.8554077148438,31.761999130249023,-6.10699987411499,37.86899948120117,12.899666786193848,0.7975000143051147
-90.8645355951337,39.9394944682455,0,11.103124618530273,11.103124618530273,23.242332458496094,-2.255333423614502,969.0,115.0,36.0,30.5482177734375,315.0,136.0,288.0,136.0,11.294916152954102,28.67894744873047,1025.054443359375,30.452999114990234,-8.930999755859375,39.38399887084961,21.165332794189453,-2.255333423614502
-88.979905460688,37.4910445105049,0,13.5267915725708,13.5267915725708,24.54866600036621,1.5663334131240845,1197.0,125.0,79.0,16.39766502380371,364.0,253.0,289.0,272.0,11.719917297363281,31.86318588256836,924.71435546875,31.593000411987305,-5.188999652862549,36.78200149536133,13.442667007446289,20.022998809814453
-89.2027415028676,40.7984886838673,0,10.172416687011719,10.172416687011719,22.45400047302246,-3.502666711807251,949.0,105.0,39.0,27.878368377685547,304.0,144.0,286.0,144.0,11.69516658782959,29.326629638671875,1048.3424072265625,29.607999801635742,-10.270999908447266,39.878997802734375,20.552833557128906,-3.502666711807251
-88.2596656893579,39.0351795634451,0,11.92954158782959,11.92954158782959,23.63883399963379,-0.9116665720939636,1046.0,106.0,56.0,19.524765014648438,314.0,201.0,292.0,201.0,11.382583618164062,29.80670166015625,989.6610107421875,30.743000030517578,-7.445000171661377,38.1879997253418,21.621334075927734,-0.9116665720939636
-91.3730962613702,40.2157460287635,0,11.182916641235352,11.182916641235352,23.50283432006836,-2.491999864578247,977.0,118.0,35.0,34.95793914794922,330.0,125.0,307.0,125.0,11.192333221435547,28.185884475708008,1046.7650146484375,30.4950008392334,-9.21399974822998,39.70899963378906,21.50433349609375,-2.491999864578247
-88.982825300218,40.4532738376409,0,10.556917190551758,10.556917190551758,22.855833053588867,-2.9786665439605713,957.0,107.0,40.0,27.393218994140625,305.0,152.0,289.0,152.0,11.311332702636719,28.581295013427734,1042.2001953125,29.93000030517578,-9.645999908447266,39.57600021362305,20.85300064086914,-2.9786665439605713
-88.2152507760468,40.559249584873,0,10.298583030700684,10.298583030700684,22.420499801635742,-3.127333402633667,926.0,102.0,40.0,26.778766632080078,298.0,149.0,287.0,149.0,11.52833366394043,29.312551498413086,1032.396728515625,29.5939998626709,-9.734999656677246,39.32899856567383,20.50950050354004,-3.127333402633667
-88.930150511381,37.8128492347003,0,13.420332908630371,13.420332908630371,24.669666290283203,1.2418333292007446,1137.0,120.0,72.0,17.533283233642578,347.0,242.0,284.0,248.0,11.7413330078125,31.544069290161133,942.8814086914062,31.729000091552734,-5.493000030517578,37.22200012207031,13.316666603088379,20.013999938964844
-90.6360880319848,40.7425017981437,0,10.37529182434082,10.37529182434082,22.817832946777344,-3.502666711807251,942.0,109.0,35.0,32.746158599853516,315.0,127.0,306.0,127.0,11.52441692352295,28.595857620239258,1061.0596923828125,30.02899932861328,-10.272000312805176,40.30099868774414,20.870332717895508,-3.502666711807251
